/*
 Navicat Premium Dump SQL

 Source Server         : okazaki
 Source Server Type    : MySQL
 Source Server Version : 80300 (8.3.0)
 Source Host           : localhost:3306
 Source Schema         : comfyui_shared

 Target Server Type    : MySQL
 Target Server Version : 80300 (8.3.0)
 File Encoding         : 65001

 Date: 22/07/2025 12:14:36
*/

SET NAMES utf8mb4;
SET FOREIGN_KEY_CHECKS = 0;

-- ----------------------------
-- Table structure for global_files
-- ----------------------------
DROP TABLE IF EXISTS `global_files`;
CREATE TABLE `global_files`  (
  `id` bigint NOT NULL AUTO_INCREMENT,
  `file_id` varchar(36) CHARACTER SET utf8mb4 COLLATE utf8mb4_unicode_ci NOT NULL COMMENT '文件UUID',
  `source_type` enum('client','admin','system') CHARACTER SET utf8mb4 COLLATE utf8mb4_unicode_ci NOT NULL COMMENT '文件来源',
  `source_user_id` varchar(36) CHARACTER SET utf8mb4 COLLATE utf8mb4_unicode_ci NULL DEFAULT NULL COMMENT '来源用户ID',
  `original_name` varchar(255) CHARACTER SET utf8mb4 COLLATE utf8mb4_unicode_ci NOT NULL COMMENT '原始文件名',
  `file_name` varchar(255) CHARACTER SET utf8mb4 COLLATE utf8mb4_unicode_ci NOT NULL COMMENT '存储文件名',
  `file_path` varchar(500) CHARACTER SET utf8mb4 COLLATE utf8mb4_unicode_ci NOT NULL COMMENT '文件路径',
  `file_size` bigint NOT NULL COMMENT '文件大小(字节)',
  `mime_type` varchar(100) CHARACTER SET utf8mb4 COLLATE utf8mb4_unicode_ci NOT NULL COMMENT 'MIME类型',
  `file_hash` varchar(64) CHARACTER SET utf8mb4 COLLATE utf8mb4_unicode_ci NULL DEFAULT NULL COMMENT '文件哈希',
  `file_type` enum('image','video','audio','document','other') CHARACTER SET utf8mb4 COLLATE utf8mb4_unicode_ci NOT NULL COMMENT '文件类型',
  `width` int NULL DEFAULT NULL COMMENT '图片/视频宽度',
  `height` int NULL DEFAULT NULL COMMENT '图片/视频高度',
  `duration` decimal(10, 2) NULL DEFAULT NULL COMMENT '视频/音频时长(秒)',
  `file_metadata` json NULL COMMENT '元数据',
  `is_public` tinyint(1) NULL DEFAULT 0 COMMENT '是否公开',
  `is_temporary` tinyint(1) NULL DEFAULT 0 COMMENT '是否临时文件',
  `expires_at` timestamp NULL DEFAULT NULL COMMENT '过期时间',
  `download_count` int NULL DEFAULT 0 COMMENT '下载次数',
  `status` varchar(20) CHARACTER SET utf8mb4 COLLATE utf8mb4_unicode_ci NULL DEFAULT 'active' COMMENT '文件状态',
  `created_at` timestamp NULL DEFAULT CURRENT_TIMESTAMP,
  `updated_at` timestamp NULL DEFAULT CURRENT_TIMESTAMP ON UPDATE CURRENT_TIMESTAMP,
  PRIMARY KEY (`id`) USING BTREE,
  UNIQUE INDEX `file_id`(`file_id`) USING BTREE,
  INDEX `idx_file_id`(`file_id`) USING BTREE,
  INDEX `idx_source_type`(`source_type`) USING BTREE,
  INDEX `idx_source_user_id`(`source_user_id`) USING BTREE,
  INDEX `idx_file_type`(`file_type`) USING BTREE,
  INDEX `idx_file_hash`(`file_hash`) USING BTREE,
  INDEX `idx_is_temporary`(`is_temporary`) USING BTREE,
  INDEX `idx_expires_at`(`expires_at`) USING BTREE
) ENGINE = MyISAM AUTO_INCREMENT = 22 CHARACTER SET = utf8mb4 COLLATE = utf8mb4_unicode_ci COMMENT = '全局文件表' ROW_FORMAT = Dynamic;

-- ----------------------------
-- Records of global_files
-- ----------------------------
INSERT INTO `global_files` VALUES (4, 'a7db1485-66e0-4d16-9a81-ad8d9fdd5781', '', '5c06068d-74a4-4e14-8465-fc570191f77a', 'ComfyUI_temp_tmnzj_00001_.png', '155207_a7db1485.png', 'D:\\Project\\ComfyUI-Web-Service\\backend\\uploads\\2025/07/21\\155207_a7db1485.png', 2551156, 'image/png', '029b07a2eb311363d1081a366f5e885638907a0b7239a14a8199a121d7f4fdc2', 'image', 832, 1480, NULL, NULL, 0, 0, NULL, 0, 'active', '2025-07-21 15:52:07', '2025-07-21 15:52:07');
INSERT INTO `global_files` VALUES (3, 'a2e3b6dd-5ccf-4409-8723-4955ff5ead1b', '', '5c06068d-74a4-4e14-8465-fc570191f77a', 'image_ee7ae884-bb2f-42b0-948b-ecb5e5a6e68a_2.png', '155118_a2e3b6dd.png', 'D:\\Project\\ComfyUI-Web-Service\\backend\\uploads\\2025/07/21\\155118_a2e3b6dd.png', 1527970, 'image/png', 'bf0a8c34c862aa1939ed1c1191b39cd61ae11e5d79897b01d5b0eaa5d5ebfdbb', 'image', 1024, 1024, NULL, NULL, 0, 0, NULL, 0, 'active', '2025-07-21 15:51:18', '2025-07-21 15:51:18');
INSERT INTO `global_files` VALUES (5, 'e12b829c-8a8f-4e4f-bcbf-992b54139db3', '', '5c06068d-74a4-4e14-8465-fc570191f77a', 'ComfyUI_00004_.png', '155246_e12b829c.png', 'D:\\Project\\ComfyUI-Web-Service\\backend\\uploads\\2025/07/21\\155246_e12b829c.png', 3331501, 'image/png', 'f38d8dec9b5fecf160ba3def9f1f0552c948931546156c25b7d1cbe3678335f9', 'image', 1248, 2224, NULL, NULL, 0, 0, NULL, 0, 'active', '2025-07-21 15:52:46', '2025-07-21 15:52:46');
INSERT INTO `global_files` VALUES (6, '0dc2d57e-f2f7-435d-8d63-7ae4fba16347', '', '5c06068d-74a4-4e14-8465-fc570191f77a', 'ChatGPT Image 2025年7月3日 15_26_14.png', '155724_0dc2d57e.png', 'D:\\Project\\ComfyUI-Web-Service\\backend\\uploads\\2025/07/21\\155724_0dc2d57e.png', 2124791, 'image/png', 'cc05f9714f8644c0d86c2dad7a8de029366e452ff5a89ac2d970d70ef33e2cdc', 'image', 1024, 1024, NULL, NULL, 0, 0, NULL, 0, 'active', '2025-07-21 15:57:24', '2025-07-21 15:57:24');
INSERT INTO `global_files` VALUES (7, 'e95847b8-2bdc-408e-89c2-bfd0e230ba3e', '', '5c06068d-74a4-4e14-8465-fc570191f77a', 'ChatGPT Image 2025年7月3日 15_26_14.png', '155734_e95847b8.png', 'D:\\Project\\ComfyUI-Web-Service\\backend\\uploads\\2025/07/21\\155734_e95847b8.png', 2124791, 'image/png', 'cc05f9714f8644c0d86c2dad7a8de029366e452ff5a89ac2d970d70ef33e2cdc', 'image', 1024, 1024, NULL, NULL, 0, 0, NULL, 0, 'active', '2025-07-21 15:57:34', '2025-07-21 15:57:34');
INSERT INTO `global_files` VALUES (8, '3dc3e7f4-1dfd-4c3c-a517-3a0acbdb1489', '', '5c06068d-74a4-4e14-8465-fc570191f77a', 'ChatGPT Image 2025年7月3日 15_26_14.png', '164921_3dc3e7f4.png', 'D:\\Project\\ComfyUI-Web-Service\\backend\\uploads\\2025/07/21\\164921_3dc3e7f4.png', 2124791, 'image/png', 'cc05f9714f8644c0d86c2dad7a8de029366e452ff5a89ac2d970d70ef33e2cdc', 'image', 1024, 1024, NULL, NULL, 0, 0, NULL, 0, 'active', '2025-07-21 16:49:21', '2025-07-21 16:49:21');
INSERT INTO `global_files` VALUES (9, 'a718c509-da04-453e-8a8a-612c12b57860', '', '5c06068d-74a4-4e14-8465-fc570191f77a', 'ChatGPT Image 2025年7月3日 15_26_14.png', '164947_a718c509.png', 'D:\\Project\\ComfyUI-Web-Service\\backend\\uploads\\2025/07/21\\164947_a718c509.png', 2124791, 'image/png', 'cc05f9714f8644c0d86c2dad7a8de029366e452ff5a89ac2d970d70ef33e2cdc', 'image', 1024, 1024, NULL, NULL, 0, 0, NULL, 0, 'active', '2025-07-21 16:49:47', '2025-07-21 16:49:47');
INSERT INTO `global_files` VALUES (10, '0e4acee9-f935-4f1a-973b-16a5f8a351fe', '', '5c06068d-74a4-4e14-8465-fc570191f77a', 'ChatGPT Image 2025年7月3日 15_26_14.png', '165634_0e4acee9.png', 'D:\\Project\\ComfyUI-Web-Service\\backend\\uploads\\2025/07/21\\165634_0e4acee9.png', 2124791, 'image/png', 'cc05f9714f8644c0d86c2dad7a8de029366e452ff5a89ac2d970d70ef33e2cdc', 'image', 1024, 1024, NULL, NULL, 0, 0, NULL, 0, 'active', '2025-07-21 16:56:34', '2025-07-21 16:56:34');
INSERT INTO `global_files` VALUES (11, '1105ccfe-4d1b-47f8-8c16-d02ff40c5712', '', '5c06068d-74a4-4e14-8465-fc570191f77a', 'image_ee7ae884-bb2f-42b0-948b-ecb5e5a6e68a_2.png', '165642_1105ccfe.png', 'D:\\Project\\ComfyUI-Web-Service\\backend\\uploads\\2025/07/21\\165642_1105ccfe.png', 1527970, 'image/png', 'bf0a8c34c862aa1939ed1c1191b39cd61ae11e5d79897b01d5b0eaa5d5ebfdbb', 'image', 1024, 1024, NULL, NULL, 0, 0, NULL, 0, 'active', '2025-07-21 16:56:42', '2025-07-21 16:56:42');
INSERT INTO `global_files` VALUES (12, 'f35d861d-fdb2-4aa0-b4ac-66d1e5be07a8', '', '5c06068d-74a4-4e14-8465-fc570191f77a', 'image_ee7ae884-bb2f-42b0-948b-ecb5e5a6e68a_2.png', '165645_f35d861d.png', 'D:\\Project\\ComfyUI-Web-Service\\backend\\uploads\\2025/07/21\\165645_f35d861d.png', 1527970, 'image/png', 'bf0a8c34c862aa1939ed1c1191b39cd61ae11e5d79897b01d5b0eaa5d5ebfdbb', 'image', 1024, 1024, NULL, NULL, 0, 0, NULL, 0, 'active', '2025-07-21 16:56:45', '2025-07-21 16:56:45');
INSERT INTO `global_files` VALUES (13, '444b039a-4391-41c3-bbf1-f43f88a549ad', '', '5c06068d-74a4-4e14-8465-fc570191f77a', 'ComfyUI_00004_.png', '165650_444b039a.png', 'D:\\Project\\ComfyUI-Web-Service\\backend\\uploads\\2025/07/21\\165650_444b039a.png', 3331501, 'image/png', 'f38d8dec9b5fecf160ba3def9f1f0552c948931546156c25b7d1cbe3678335f9', 'image', 1248, 2224, NULL, NULL, 0, 0, NULL, 0, 'active', '2025-07-21 16:56:50', '2025-07-21 16:56:50');
INSERT INTO `global_files` VALUES (14, '85ba2f19-d532-4104-9ecd-0fde85a13a10', '', '5c06068d-74a4-4e14-8465-fc570191f77a', 'ChatGPT Image 2025年7月3日 15_26_14.png', '165656_85ba2f19.png', 'D:\\Project\\ComfyUI-Web-Service\\backend\\uploads\\2025/07/21\\165656_85ba2f19.png', 2124791, 'image/png', 'cc05f9714f8644c0d86c2dad7a8de029366e452ff5a89ac2d970d70ef33e2cdc', 'image', 1024, 1024, NULL, NULL, 0, 0, NULL, 0, 'active', '2025-07-21 16:56:56', '2025-07-21 16:56:56');
INSERT INTO `global_files` VALUES (15, 'b0c5fdee-df16-41a0-b4b0-d7fc6a181dca', '', '5c06068d-74a4-4e14-8465-fc570191f77a', 'ChatGPT Image 2025年7月3日 15_26_14.png', '165959_b0c5fdee.png', 'D:\\Project\\ComfyUI-Web-Service\\backend\\uploads\\2025/07/21\\165959_b0c5fdee.png', 2124791, 'image/png', 'cc05f9714f8644c0d86c2dad7a8de029366e452ff5a89ac2d970d70ef33e2cdc', 'image', 1024, 1024, NULL, NULL, 0, 0, NULL, 0, 'active', '2025-07-21 16:59:59', '2025-07-21 16:59:59');
INSERT INTO `global_files` VALUES (16, '10f5a1d2-c3f7-4027-b186-f0f62b0dc105', '', '5c06068d-74a4-4e14-8465-fc570191f77a', 'image_ee7ae884-bb2f-42b0-948b-ecb5e5a6e68a_2.png', '172519_10f5a1d2.png', 'D:\\Project\\ComfyUI-Web-Service\\backend\\uploads\\2025/07/21\\172519_10f5a1d2.png', 1527970, 'image/png', 'bf0a8c34c862aa1939ed1c1191b39cd61ae11e5d79897b01d5b0eaa5d5ebfdbb', 'image', 1024, 1024, NULL, NULL, 0, 0, NULL, 0, 'active', '2025-07-21 17:25:20', '2025-07-21 17:25:20');
INSERT INTO `global_files` VALUES (17, 'ba6ce553-b26b-4588-b451-ec4edd8c3bed', '', '5c06068d-74a4-4e14-8465-fc570191f77a', 'image_ee7ae884-bb2f-42b0-948b-ecb5e5a6e68a_2.png', '172704_ba6ce553.png', 'D:\\Project\\ComfyUI-Web-Service\\backend\\uploads\\2025/07/21\\172704_ba6ce553.png', 1527970, 'image/png', 'bf0a8c34c862aa1939ed1c1191b39cd61ae11e5d79897b01d5b0eaa5d5ebfdbb', 'image', 1024, 1024, NULL, NULL, 0, 0, NULL, 0, 'active', '2025-07-21 17:27:04', '2025-07-21 17:27:04');
INSERT INTO `global_files` VALUES (18, 'a5732149-0231-42bc-b045-cd63f22e815c', '', '5c06068d-74a4-4e14-8465-fc570191f77a', 'image_ee7ae884-bb2f-42b0-948b-ecb5e5a6e68a_2.png', '173609_a5732149.png', 'D:\\Project\\ComfyUI-Web-Service\\backend\\uploads\\2025/07/21\\173609_a5732149.png', 1527970, 'image/png', 'bf0a8c34c862aa1939ed1c1191b39cd61ae11e5d79897b01d5b0eaa5d5ebfdbb', 'image', 1024, 1024, NULL, NULL, 0, 0, NULL, 0, 'active', '2025-07-21 17:36:09', '2025-07-21 17:36:09');
INSERT INTO `global_files` VALUES (19, '37e2499b-54b7-4e5c-8fdf-ba3f0d8bce2e', '', '5c06068d-74a4-4e14-8465-fc570191f77a', 'ChatGPT Image 2025年7月3日 15_26_14.png', '175827_37e2499b.png', 'D:\\Project\\ComfyUI-Web-Service\\backend\\uploads\\2025/07/21\\175827_37e2499b.png', 2124791, 'image/png', 'cc05f9714f8644c0d86c2dad7a8de029366e452ff5a89ac2d970d70ef33e2cdc', 'image', 1024, 1024, NULL, NULL, 0, 0, NULL, 0, 'active', '2025-07-21 17:58:27', '2025-07-21 17:58:27');
INSERT INTO `global_files` VALUES (20, '661614dc-fe64-4ac2-a9fd-05cd8820df8a', '', '5c06068d-74a4-4e14-8465-fc570191f77a', 'ChatGPT Image 2025年7月3日 15_26_14.png', '180901_661614dc.png', 'D:\\Project\\ComfyUI-Web-Service\\backend\\uploads\\2025/07/21\\180901_661614dc.png', 2124791, 'image/png', 'cc05f9714f8644c0d86c2dad7a8de029366e452ff5a89ac2d970d70ef33e2cdc', 'image', 1024, 1024, NULL, NULL, 0, 0, NULL, 0, 'active', '2025-07-21 18:09:01', '2025-07-21 18:09:01');
INSERT INTO `global_files` VALUES (21, '6ad57a72-b1dc-4663-8d32-36551f0da262', '', '5c06068d-74a4-4e14-8465-fc570191f77a', 'ChatGPT Image 2025年7月3日 15_26_14.png', '181356_6ad57a72.png', 'D:\\Project\\ComfyUI-Web-Service\\backend\\uploads\\2025/07/21\\181356_6ad57a72.png', 2124791, 'image/png', 'cc05f9714f8644c0d86c2dad7a8de029366e452ff5a89ac2d970d70ef33e2cdc', 'image', 1024, 1024, NULL, NULL, 0, 0, NULL, 0, 'active', '2025-07-21 18:13:56', '2025-07-21 18:13:56');

-- ----------------------------
-- Table structure for global_task_parameters
-- ----------------------------
DROP TABLE IF EXISTS `global_task_parameters`;
CREATE TABLE `global_task_parameters`  (
  `id` bigint NOT NULL AUTO_INCREMENT,
  `task_id` bigint NOT NULL COMMENT '任务ID',
  `parameter_name` varchar(100) CHARACTER SET utf8mb4 COLLATE utf8mb4_unicode_ci NOT NULL COMMENT '参数名称',
  `parameter_value` text CHARACTER SET utf8mb4 COLLATE utf8mb4_unicode_ci NULL COMMENT '参数值',
  `parameter_type` enum('string','int','float','boolean','json') CHARACTER SET utf8mb4 COLLATE utf8mb4_unicode_ci NULL DEFAULT 'string' COMMENT '参数类型',
  `created_at` timestamp NULL DEFAULT CURRENT_TIMESTAMP,
  PRIMARY KEY (`id`) USING BTREE,
  INDEX `idx_task_id`(`task_id`) USING BTREE,
  INDEX `idx_parameter_name`(`parameter_name`) USING BTREE
) ENGINE = MyISAM AUTO_INCREMENT = 1 CHARACTER SET = utf8mb4 COLLATE = utf8mb4_unicode_ci COMMENT = '全局任务参数表' ROW_FORMAT = Dynamic;

-- ----------------------------
-- Records of global_task_parameters
-- ----------------------------

-- ----------------------------
-- Table structure for global_task_results
-- ----------------------------
DROP TABLE IF EXISTS `global_task_results`;
CREATE TABLE `global_task_results`  (
  `id` bigint NOT NULL AUTO_INCREMENT,
  `task_id` bigint NOT NULL COMMENT '任务ID',
  `result_type` enum('image','video','json','file') CHARACTER SET utf8mb4 COLLATE utf8mb4_unicode_ci NOT NULL COMMENT '结果类型',
  `file_path` varchar(500) CHARACTER SET utf8mb4 COLLATE utf8mb4_unicode_ci NULL DEFAULT NULL COMMENT '文件路径',
  `file_name` varchar(255) CHARACTER SET utf8mb4 COLLATE utf8mb4_unicode_ci NULL DEFAULT NULL COMMENT '文件名',
  `file_size` bigint NULL DEFAULT NULL COMMENT '文件大小(字节)',
  `mime_type` varchar(100) CHARACTER SET utf8mb4 COLLATE utf8mb4_unicode_ci NULL DEFAULT NULL COMMENT 'MIME类型',
  `width` int NULL DEFAULT NULL COMMENT '图片/视频宽度',
  `height` int NULL DEFAULT NULL COMMENT '图片/视频高度',
  `duration` decimal(10, 2) NULL DEFAULT NULL COMMENT '视频时长(秒)',
  `thumbnail_path` varchar(500) CHARACTER SET utf8mb4 COLLATE utf8mb4_unicode_ci NULL DEFAULT NULL COMMENT '缩略图路径',
  `download_count` int NULL DEFAULT 0 COMMENT '下载次数',
  `created_at` timestamp NULL DEFAULT CURRENT_TIMESTAMP,
  `result_metadata` json NULL COMMENT '元数据',
  PRIMARY KEY (`id`) USING BTREE,
  INDEX `idx_task_id`(`task_id`) USING BTREE,
  INDEX `idx_result_type`(`result_type`) USING BTREE
) ENGINE = MyISAM AUTO_INCREMENT = 244 CHARACTER SET = utf8mb4 COLLATE = utf8mb4_unicode_ci COMMENT = '全局任务结果表' ROW_FORMAT = Dynamic;

-- ----------------------------
-- Records of global_task_results
-- ----------------------------
INSERT INTO `global_task_results` VALUES (60, 20, 'image', 'D:\\Project\\ComfyUI-Web-Service\\backend\\outputs\\2025\\07\\16\\SD_0018.png', 'SD_0018.png', 411782, NULL, NULL, NULL, NULL, NULL, 0, '2025-07-16 16:35:02', '{\"result_index\": 1, \"original_filename\": \"SD_0018.png\"}');
INSERT INTO `global_task_results` VALUES (59, 20, 'image', 'D:\\Project\\ComfyUI-Web-Service\\backend\\outputs\\2025\\07\\16\\SD_0017.png', 'SD_0017.png', 389791, NULL, NULL, NULL, NULL, NULL, 0, '2025-07-16 16:35:02', '{\"result_index\": 0, \"original_filename\": \"SD_0017.png\"}');
INSERT INTO `global_task_results` VALUES (58, 19, 'image', 'D:\\Project\\ComfyUI-Web-Service\\backend\\outputs\\2025\\07\\16\\SD_0016.png', 'SD_0016.png', 472281, NULL, NULL, NULL, NULL, NULL, 0, '2025-07-16 16:33:51', '{\"result_index\": 3, \"original_filename\": \"SD_0016.png\"}');
INSERT INTO `global_task_results` VALUES (57, 19, 'image', 'D:\\Project\\ComfyUI-Web-Service\\backend\\outputs\\2025\\07\\16\\SD_0015.png', 'SD_0015.png', 430277, NULL, NULL, NULL, NULL, NULL, 0, '2025-07-16 16:33:51', '{\"result_index\": 2, \"original_filename\": \"SD_0015.png\"}');
INSERT INTO `global_task_results` VALUES (56, 19, 'image', 'D:\\Project\\ComfyUI-Web-Service\\backend\\outputs\\2025\\07\\16\\SD_0014.png', 'SD_0014.png', 443633, NULL, NULL, NULL, NULL, NULL, 0, '2025-07-16 16:33:51', '{\"result_index\": 1, \"original_filename\": \"SD_0014.png\"}');
INSERT INTO `global_task_results` VALUES (55, 19, 'image', 'D:\\Project\\ComfyUI-Web-Service\\backend\\outputs\\2025\\07\\16\\SD_0013.png', 'SD_0013.png', 447924, NULL, NULL, NULL, NULL, NULL, 0, '2025-07-16 16:33:51', '{\"result_index\": 0, \"original_filename\": \"SD_0013.png\"}');
INSERT INTO `global_task_results` VALUES (54, 18, 'image', 'D:\\Project\\ComfyUI-Web-Service\\backend\\outputs\\2025\\07\\16\\SD_0012.png', 'SD_0012.png', 352655, NULL, NULL, NULL, NULL, NULL, 0, '2025-07-16 16:31:31', '{\"result_index\": 3, \"original_filename\": \"SD_0012.png\"}');
INSERT INTO `global_task_results` VALUES (53, 18, 'image', 'D:\\Project\\ComfyUI-Web-Service\\backend\\outputs\\2025\\07\\16\\SD_0011.png', 'SD_0011.png', 374061, NULL, NULL, NULL, NULL, NULL, 0, '2025-07-16 16:31:31', '{\"result_index\": 2, \"original_filename\": \"SD_0011.png\"}');
INSERT INTO `global_task_results` VALUES (52, 18, 'image', 'D:\\Project\\ComfyUI-Web-Service\\backend\\outputs\\2025\\07\\16\\SD_0010.png', 'SD_0010.png', 374894, NULL, NULL, NULL, NULL, NULL, 0, '2025-07-16 16:31:31', '{\"result_index\": 1, \"original_filename\": \"SD_0010.png\"}');
INSERT INTO `global_task_results` VALUES (51, 18, 'image', 'D:\\Project\\ComfyUI-Web-Service\\backend\\outputs\\2025\\07\\16\\SD_0009.png', 'SD_0009.png', 338972, NULL, NULL, NULL, NULL, NULL, 0, '2025-07-16 16:31:31', '{\"result_index\": 0, \"original_filename\": \"SD_0009.png\"}');
INSERT INTO `global_task_results` VALUES (50, 17, 'image', 'D:\\Project\\ComfyUI-Web-Service\\backend\\outputs\\2025\\07\\16\\SD_0008.png', 'SD_0008.png', 359360, NULL, NULL, NULL, NULL, NULL, 0, '2025-07-16 16:25:42', '{\"result_index\": 3, \"original_filename\": \"SD_0008.png\"}');
INSERT INTO `global_task_results` VALUES (49, 17, 'image', 'D:\\Project\\ComfyUI-Web-Service\\backend\\outputs\\2025\\07\\16\\SD_0007.png', 'SD_0007.png', 348288, NULL, NULL, NULL, NULL, NULL, 0, '2025-07-16 16:25:42', '{\"result_index\": 2, \"original_filename\": \"SD_0007.png\"}');
INSERT INTO `global_task_results` VALUES (48, 17, 'image', 'D:\\Project\\ComfyUI-Web-Service\\backend\\outputs\\2025\\07\\16\\SD_0006.png', 'SD_0006.png', 244047, NULL, NULL, NULL, NULL, NULL, 0, '2025-07-16 16:25:42', '{\"result_index\": 1, \"original_filename\": \"SD_0006.png\"}');
INSERT INTO `global_task_results` VALUES (47, 17, 'image', 'D:\\Project\\ComfyUI-Web-Service\\backend\\outputs\\2025\\07\\16\\SD_0005.png', 'SD_0005.png', 343443, NULL, NULL, NULL, NULL, NULL, 0, '2025-07-16 16:25:42', '{\"result_index\": 0, \"original_filename\": \"SD_0005.png\"}');
INSERT INTO `global_task_results` VALUES (46, 16, 'image', 'D:\\Project\\ComfyUI-Web-Service\\backend\\outputs\\2025\\07\\16\\SD_0004.png', 'SD_0004.png', 400736, NULL, NULL, NULL, NULL, NULL, 0, '2025-07-16 16:21:21', '{\"result_index\": 3, \"original_filename\": \"SD_0004.png\"}');
INSERT INTO `global_task_results` VALUES (45, 16, 'image', 'D:\\Project\\ComfyUI-Web-Service\\backend\\outputs\\2025\\07\\16\\SD_0003.png', 'SD_0003.png', 307453, NULL, NULL, NULL, NULL, NULL, 0, '2025-07-16 16:21:21', '{\"result_index\": 2, \"original_filename\": \"SD_0003.png\"}');
INSERT INTO `global_task_results` VALUES (44, 16, 'image', 'D:\\Project\\ComfyUI-Web-Service\\backend\\outputs\\2025\\07\\16\\SD_0002.png', 'SD_0002.png', 315947, NULL, NULL, NULL, NULL, NULL, 0, '2025-07-16 16:21:21', '{\"result_index\": 1, \"original_filename\": \"SD_0002.png\"}');
INSERT INTO `global_task_results` VALUES (43, 16, 'image', 'D:\\Project\\ComfyUI-Web-Service\\backend\\outputs\\2025\\07\\16\\SD_0001.png', 'SD_0001.png', 369426, NULL, NULL, NULL, NULL, NULL, 0, '2025-07-16 16:21:21', '{\"result_index\": 0, \"original_filename\": \"SD_0001.png\"}');
INSERT INTO `global_task_results` VALUES (42, 14, 'image', 'D:\\Project\\ComfyUI-Web-Service\\backend\\outputs\\2025\\07\\15\\SD_0012.png', 'SD_0012.png', 419737, NULL, NULL, NULL, NULL, NULL, 0, '2025-07-15 18:06:22', '{\"result_index\": 3, \"original_filename\": \"SD_0012.png\"}');
INSERT INTO `global_task_results` VALUES (41, 14, 'image', 'D:\\Project\\ComfyUI-Web-Service\\backend\\outputs\\2025\\07\\15\\SD_0011.png', 'SD_0011.png', 418211, NULL, NULL, NULL, NULL, NULL, 0, '2025-07-15 18:06:22', '{\"result_index\": 2, \"original_filename\": \"SD_0011.png\"}');
INSERT INTO `global_task_results` VALUES (40, 14, 'image', 'D:\\Project\\ComfyUI-Web-Service\\backend\\outputs\\2025\\07\\15\\SD_0010.png', 'SD_0010.png', 394804, NULL, NULL, NULL, NULL, NULL, 0, '2025-07-15 18:06:22', '{\"result_index\": 1, \"original_filename\": \"SD_0010.png\"}');
INSERT INTO `global_task_results` VALUES (39, 14, 'image', 'D:\\Project\\ComfyUI-Web-Service\\backend\\outputs\\2025\\07\\15\\SD_0009.png', 'SD_0009.png', 450102, NULL, NULL, NULL, NULL, NULL, 0, '2025-07-15 18:06:22', '{\"result_index\": 0, \"original_filename\": \"SD_0009.png\"}');
INSERT INTO `global_task_results` VALUES (38, 13, 'image', 'D:\\Project\\ComfyUI-Web-Service\\backend\\outputs\\2025\\07\\15\\SD_0008.png', 'SD_0008.png', 454955, NULL, NULL, NULL, NULL, NULL, 0, '2025-07-15 17:38:04', '{\"result_index\": 3, \"original_filename\": \"SD_0008.png\"}');
INSERT INTO `global_task_results` VALUES (37, 13, 'image', 'D:\\Project\\ComfyUI-Web-Service\\backend\\outputs\\2025\\07\\15\\SD_0007.png', 'SD_0007.png', 457647, NULL, NULL, NULL, NULL, NULL, 0, '2025-07-15 17:38:04', '{\"result_index\": 2, \"original_filename\": \"SD_0007.png\"}');
INSERT INTO `global_task_results` VALUES (36, 13, 'image', 'D:\\Project\\ComfyUI-Web-Service\\backend\\outputs\\2025\\07\\15\\SD_0006.png', 'SD_0006.png', 300208, NULL, NULL, NULL, NULL, NULL, 0, '2025-07-15 17:38:04', '{\"result_index\": 1, \"original_filename\": \"SD_0006.png\"}');
INSERT INTO `global_task_results` VALUES (35, 13, 'image', 'D:\\Project\\ComfyUI-Web-Service\\backend\\outputs\\2025\\07\\15\\SD_0005.png', 'SD_0005.png', 328215, NULL, NULL, NULL, NULL, NULL, 0, '2025-07-15 17:38:04', '{\"result_index\": 0, \"original_filename\": \"SD_0005.png\"}');
INSERT INTO `global_task_results` VALUES (34, 12, 'image', 'D:\\Project\\ComfyUI-Web-Service\\backend\\outputs\\2025\\07\\15\\SD_0004.png', 'SD_0004.png', 380443, NULL, NULL, NULL, NULL, NULL, 0, '2025-07-15 17:36:40', '{\"result_index\": 3, \"original_filename\": \"SD_0004.png\"}');
INSERT INTO `global_task_results` VALUES (33, 12, 'image', 'D:\\Project\\ComfyUI-Web-Service\\backend\\outputs\\2025\\07\\15\\SD_0003.png', 'SD_0003.png', 398211, NULL, NULL, NULL, NULL, NULL, 0, '2025-07-15 17:36:40', '{\"result_index\": 2, \"original_filename\": \"SD_0003.png\"}');
INSERT INTO `global_task_results` VALUES (32, 12, 'image', 'D:\\Project\\ComfyUI-Web-Service\\backend\\outputs\\2025\\07\\15\\SD_0002.png', 'SD_0002.png', 399918, NULL, NULL, NULL, NULL, NULL, 0, '2025-07-15 17:36:40', '{\"result_index\": 1, \"original_filename\": \"SD_0002.png\"}');
INSERT INTO `global_task_results` VALUES (31, 12, 'image', 'D:\\Project\\ComfyUI-Web-Service\\backend\\outputs\\2025\\07\\15\\SD_0001.png', 'SD_0001.png', 387181, NULL, NULL, NULL, NULL, NULL, 0, '2025-07-15 17:36:40', '{\"result_index\": 0, \"original_filename\": \"SD_0001.png\"}');
INSERT INTO `global_task_results` VALUES (61, 20, 'image', 'D:\\Project\\ComfyUI-Web-Service\\backend\\outputs\\2025\\07\\16\\SD_0019.png', 'SD_0019.png', 409084, NULL, NULL, NULL, NULL, NULL, 0, '2025-07-16 16:35:02', '{\"result_index\": 2, \"original_filename\": \"SD_0019.png\"}');
INSERT INTO `global_task_results` VALUES (62, 20, 'image', 'D:\\Project\\ComfyUI-Web-Service\\backend\\outputs\\2025\\07\\16\\SD_0020.png', 'SD_0020.png', 460163, NULL, NULL, NULL, NULL, NULL, 0, '2025-07-16 16:35:02', '{\"result_index\": 3, \"original_filename\": \"SD_0020.png\"}');
INSERT INTO `global_task_results` VALUES (63, 21, 'image', 'D:\\Project\\ComfyUI-Web-Service\\backend\\outputs\\2025\\07\\16\\SD_0021.png', 'SD_0021.png', 493379, NULL, NULL, NULL, NULL, NULL, 0, '2025-07-16 16:36:22', '{\"result_index\": 0, \"original_filename\": \"SD_0021.png\"}');
INSERT INTO `global_task_results` VALUES (64, 21, 'image', 'D:\\Project\\ComfyUI-Web-Service\\backend\\outputs\\2025\\07\\16\\SD_0022.png', 'SD_0022.png', 444512, NULL, NULL, NULL, NULL, NULL, 0, '2025-07-16 16:36:22', '{\"result_index\": 1, \"original_filename\": \"SD_0022.png\"}');
INSERT INTO `global_task_results` VALUES (65, 21, 'image', 'D:\\Project\\ComfyUI-Web-Service\\backend\\outputs\\2025\\07\\16\\SD_0023.png', 'SD_0023.png', 479213, NULL, NULL, NULL, NULL, NULL, 0, '2025-07-16 16:36:22', '{\"result_index\": 2, \"original_filename\": \"SD_0023.png\"}');
INSERT INTO `global_task_results` VALUES (66, 21, 'image', 'D:\\Project\\ComfyUI-Web-Service\\backend\\outputs\\2025\\07\\16\\SD_0024.png', 'SD_0024.png', 485526, NULL, NULL, NULL, NULL, NULL, 0, '2025-07-16 16:36:22', '{\"result_index\": 3, \"original_filename\": \"SD_0024.png\"}');
INSERT INTO `global_task_results` VALUES (67, 22, 'image', 'D:\\Project\\ComfyUI-Web-Service\\backend\\outputs\\2025\\07\\16\\SD_0025.png', 'SD_0025.png', 438852, NULL, NULL, NULL, NULL, NULL, 0, '2025-07-16 16:37:50', '{\"result_index\": 0, \"original_filename\": \"SD_0025.png\"}');
INSERT INTO `global_task_results` VALUES (68, 22, 'image', 'D:\\Project\\ComfyUI-Web-Service\\backend\\outputs\\2025\\07\\16\\SD_0026.png', 'SD_0026.png', 447431, NULL, NULL, NULL, NULL, NULL, 0, '2025-07-16 16:37:50', '{\"result_index\": 1, \"original_filename\": \"SD_0026.png\"}');
INSERT INTO `global_task_results` VALUES (69, 22, 'image', 'D:\\Project\\ComfyUI-Web-Service\\backend\\outputs\\2025\\07\\16\\SD_0027.png', 'SD_0027.png', 476198, NULL, NULL, NULL, NULL, NULL, 0, '2025-07-16 16:37:50', '{\"result_index\": 2, \"original_filename\": \"SD_0027.png\"}');
INSERT INTO `global_task_results` VALUES (70, 22, 'image', 'D:\\Project\\ComfyUI-Web-Service\\backend\\outputs\\2025\\07\\16\\SD_0028.png', 'SD_0028.png', 438667, NULL, NULL, NULL, NULL, NULL, 0, '2025-07-16 16:37:50', '{\"result_index\": 3, \"original_filename\": \"SD_0028.png\"}');
INSERT INTO `global_task_results` VALUES (71, 23, 'image', 'D:\\Project\\ComfyUI-Web-Service\\backend\\outputs\\2025\\07\\16\\SD_0029.png', 'SD_0029.png', 452867, NULL, NULL, NULL, NULL, NULL, 0, '2025-07-16 16:42:21', '{\"result_index\": 0, \"original_filename\": \"SD_0029.png\"}');
INSERT INTO `global_task_results` VALUES (72, 23, 'image', 'D:\\Project\\ComfyUI-Web-Service\\backend\\outputs\\2025\\07\\16\\SD_0030.png', 'SD_0030.png', 453378, NULL, NULL, NULL, NULL, NULL, 0, '2025-07-16 16:42:21', '{\"result_index\": 1, \"original_filename\": \"SD_0030.png\"}');
INSERT INTO `global_task_results` VALUES (73, 23, 'image', 'D:\\Project\\ComfyUI-Web-Service\\backend\\outputs\\2025\\07\\16\\SD_0031.png', 'SD_0031.png', 428783, NULL, NULL, NULL, NULL, NULL, 0, '2025-07-16 16:42:21', '{\"result_index\": 2, \"original_filename\": \"SD_0031.png\"}');
INSERT INTO `global_task_results` VALUES (74, 23, 'image', 'D:\\Project\\ComfyUI-Web-Service\\backend\\outputs\\2025\\07\\16\\SD_0032.png', 'SD_0032.png', 443785, NULL, NULL, NULL, NULL, NULL, 0, '2025-07-16 16:42:21', '{\"result_index\": 3, \"original_filename\": \"SD_0032.png\"}');
INSERT INTO `global_task_results` VALUES (75, 24, 'image', 'D:\\Project\\ComfyUI-Web-Service\\backend\\outputs\\2025\\07\\16\\SD_0033.png', 'SD_0033.png', 491956, NULL, NULL, NULL, NULL, NULL, 0, '2025-07-16 16:43:36', '{\"result_index\": 0, \"original_filename\": \"SD_0033.png\"}');
INSERT INTO `global_task_results` VALUES (76, 24, 'image', 'D:\\Project\\ComfyUI-Web-Service\\backend\\outputs\\2025\\07\\16\\SD_0034.png', 'SD_0034.png', 416284, NULL, NULL, NULL, NULL, NULL, 0, '2025-07-16 16:43:36', '{\"result_index\": 1, \"original_filename\": \"SD_0034.png\"}');
INSERT INTO `global_task_results` VALUES (77, 24, 'image', 'D:\\Project\\ComfyUI-Web-Service\\backend\\outputs\\2025\\07\\16\\SD_0035.png', 'SD_0035.png', 408590, NULL, NULL, NULL, NULL, NULL, 0, '2025-07-16 16:43:36', '{\"result_index\": 2, \"original_filename\": \"SD_0035.png\"}');
INSERT INTO `global_task_results` VALUES (78, 24, 'image', 'D:\\Project\\ComfyUI-Web-Service\\backend\\outputs\\2025\\07\\16\\SD_0036.png', 'SD_0036.png', 442008, NULL, NULL, NULL, NULL, NULL, 0, '2025-07-16 16:43:36', '{\"result_index\": 3, \"original_filename\": \"SD_0036.png\"}');
INSERT INTO `global_task_results` VALUES (79, 25, 'image', 'D:\\Project\\ComfyUI-Web-Service\\backend\\outputs\\2025\\07\\16\\SD_0037.png', 'SD_0037.png', 371010, NULL, NULL, NULL, NULL, NULL, 0, '2025-07-16 16:47:15', '{\"result_index\": 0, \"original_filename\": \"SD_0037.png\"}');
INSERT INTO `global_task_results` VALUES (80, 25, 'image', 'D:\\Project\\ComfyUI-Web-Service\\backend\\outputs\\2025\\07\\16\\SD_0038.png', 'SD_0038.png', 405419, NULL, NULL, NULL, NULL, NULL, 0, '2025-07-16 16:47:15', '{\"result_index\": 1, \"original_filename\": \"SD_0038.png\"}');
INSERT INTO `global_task_results` VALUES (81, 25, 'image', 'D:\\Project\\ComfyUI-Web-Service\\backend\\outputs\\2025\\07\\16\\SD_0039.png', 'SD_0039.png', 410846, NULL, NULL, NULL, NULL, NULL, 0, '2025-07-16 16:47:15', '{\"result_index\": 2, \"original_filename\": \"SD_0039.png\"}');
INSERT INTO `global_task_results` VALUES (82, 25, 'image', 'D:\\Project\\ComfyUI-Web-Service\\backend\\outputs\\2025\\07\\16\\SD_0040.png', 'SD_0040.png', 445109, NULL, NULL, NULL, NULL, NULL, 0, '2025-07-16 16:47:15', '{\"result_index\": 3, \"original_filename\": \"SD_0040.png\"}');
INSERT INTO `global_task_results` VALUES (83, 26, 'image', 'D:\\Project\\ComfyUI-Web-Service\\backend\\outputs\\2025\\07\\16\\SD_0041.png', 'SD_0041.png', 447744, NULL, NULL, NULL, NULL, NULL, 0, '2025-07-16 16:49:32', '{\"result_index\": 0, \"original_filename\": \"SD_0041.png\"}');
INSERT INTO `global_task_results` VALUES (84, 26, 'image', 'D:\\Project\\ComfyUI-Web-Service\\backend\\outputs\\2025\\07\\16\\SD_0042.png', 'SD_0042.png', 457337, NULL, NULL, NULL, NULL, NULL, 0, '2025-07-16 16:49:32', '{\"result_index\": 1, \"original_filename\": \"SD_0042.png\"}');
INSERT INTO `global_task_results` VALUES (85, 26, 'image', 'D:\\Project\\ComfyUI-Web-Service\\backend\\outputs\\2025\\07\\16\\SD_0043.png', 'SD_0043.png', 453909, NULL, NULL, NULL, NULL, NULL, 0, '2025-07-16 16:49:32', '{\"result_index\": 2, \"original_filename\": \"SD_0043.png\"}');
INSERT INTO `global_task_results` VALUES (86, 26, 'image', 'D:\\Project\\ComfyUI-Web-Service\\backend\\outputs\\2025\\07\\16\\SD_0044.png', 'SD_0044.png', 461238, NULL, NULL, NULL, NULL, NULL, 0, '2025-07-16 16:49:32', '{\"result_index\": 3, \"original_filename\": \"SD_0044.png\"}');
INSERT INTO `global_task_results` VALUES (87, 27, 'image', 'D:\\Project\\ComfyUI-Web-Service\\backend\\outputs\\2025\\07\\16\\SD_0045.png', 'SD_0045.png', 405731, NULL, NULL, NULL, NULL, NULL, 0, '2025-07-16 16:50:06', '{\"result_index\": 0, \"original_filename\": \"SD_0045.png\"}');
INSERT INTO `global_task_results` VALUES (88, 27, 'image', 'D:\\Project\\ComfyUI-Web-Service\\backend\\outputs\\2025\\07\\16\\SD_0046.png', 'SD_0046.png', 444214, NULL, NULL, NULL, NULL, NULL, 0, '2025-07-16 16:50:06', '{\"result_index\": 1, \"original_filename\": \"SD_0046.png\"}');
INSERT INTO `global_task_results` VALUES (89, 27, 'image', 'D:\\Project\\ComfyUI-Web-Service\\backend\\outputs\\2025\\07\\16\\SD_0047.png', 'SD_0047.png', 475873, NULL, NULL, NULL, NULL, NULL, 0, '2025-07-16 16:50:06', '{\"result_index\": 2, \"original_filename\": \"SD_0047.png\"}');
INSERT INTO `global_task_results` VALUES (90, 27, 'image', 'D:\\Project\\ComfyUI-Web-Service\\backend\\outputs\\2025\\07\\16\\SD_0048.png', 'SD_0048.png', 439035, NULL, NULL, NULL, NULL, NULL, 0, '2025-07-16 16:50:06', '{\"result_index\": 3, \"original_filename\": \"SD_0048.png\"}');
INSERT INTO `global_task_results` VALUES (91, 28, 'image', 'D:\\Project\\ComfyUI-Web-Service\\backend\\outputs\\2025\\07\\16\\SD_0049.png', 'SD_0049.png', 370214, NULL, NULL, NULL, NULL, NULL, 0, '2025-07-16 16:54:32', '{\"result_index\": 0, \"original_filename\": \"SD_0049.png\"}');
INSERT INTO `global_task_results` VALUES (92, 28, 'image', 'D:\\Project\\ComfyUI-Web-Service\\backend\\outputs\\2025\\07\\16\\SD_0050.png', 'SD_0050.png', 360189, NULL, NULL, NULL, NULL, NULL, 0, '2025-07-16 16:54:32', '{\"result_index\": 1, \"original_filename\": \"SD_0050.png\"}');
INSERT INTO `global_task_results` VALUES (93, 28, 'image', 'D:\\Project\\ComfyUI-Web-Service\\backend\\outputs\\2025\\07\\16\\SD_0051.png', 'SD_0051.png', 361117, NULL, NULL, NULL, NULL, NULL, 0, '2025-07-16 16:54:32', '{\"result_index\": 2, \"original_filename\": \"SD_0051.png\"}');
INSERT INTO `global_task_results` VALUES (94, 28, 'image', 'D:\\Project\\ComfyUI-Web-Service\\backend\\outputs\\2025\\07\\16\\SD_0052.png', 'SD_0052.png', 357739, NULL, NULL, NULL, NULL, NULL, 0, '2025-07-16 16:54:32', '{\"result_index\": 3, \"original_filename\": \"SD_0052.png\"}');
INSERT INTO `global_task_results` VALUES (95, 29, 'image', 'D:\\Project\\ComfyUI-Web-Service\\backend\\outputs\\2025\\07\\16\\SD_0053.png', 'SD_0053.png', 414190, NULL, NULL, NULL, NULL, NULL, 0, '2025-07-16 16:59:21', '{\"result_index\": 0, \"original_filename\": \"SD_0053.png\"}');
INSERT INTO `global_task_results` VALUES (96, 29, 'image', 'D:\\Project\\ComfyUI-Web-Service\\backend\\outputs\\2025\\07\\16\\SD_0054.png', 'SD_0054.png', 445910, NULL, NULL, NULL, NULL, NULL, 0, '2025-07-16 16:59:21', '{\"result_index\": 1, \"original_filename\": \"SD_0054.png\"}');
INSERT INTO `global_task_results` VALUES (97, 29, 'image', 'D:\\Project\\ComfyUI-Web-Service\\backend\\outputs\\2025\\07\\16\\SD_0055.png', 'SD_0055.png', 428453, NULL, NULL, NULL, NULL, NULL, 0, '2025-07-16 16:59:21', '{\"result_index\": 2, \"original_filename\": \"SD_0055.png\"}');
INSERT INTO `global_task_results` VALUES (98, 29, 'image', 'D:\\Project\\ComfyUI-Web-Service\\backend\\outputs\\2025\\07\\16\\SD_0056.png', 'SD_0056.png', 422692, NULL, NULL, NULL, NULL, NULL, 0, '2025-07-16 16:59:21', '{\"result_index\": 3, \"original_filename\": \"SD_0056.png\"}');
INSERT INTO `global_task_results` VALUES (99, 30, 'image', 'D:\\Project\\ComfyUI-Web-Service\\backend\\outputs\\2025\\07\\16\\SD_0057.png', 'SD_0057.png', 387459, NULL, NULL, NULL, NULL, NULL, 0, '2025-07-16 17:00:57', '{\"result_index\": 0, \"original_filename\": \"SD_0057.png\"}');
INSERT INTO `global_task_results` VALUES (100, 30, 'image', 'D:\\Project\\ComfyUI-Web-Service\\backend\\outputs\\2025\\07\\16\\SD_0058.png', 'SD_0058.png', 421050, NULL, NULL, NULL, NULL, NULL, 0, '2025-07-16 17:00:57', '{\"result_index\": 1, \"original_filename\": \"SD_0058.png\"}');
INSERT INTO `global_task_results` VALUES (101, 30, 'image', 'D:\\Project\\ComfyUI-Web-Service\\backend\\outputs\\2025\\07\\16\\SD_0059.png', 'SD_0059.png', 302066, NULL, NULL, NULL, NULL, NULL, 0, '2025-07-16 17:00:57', '{\"result_index\": 2, \"original_filename\": \"SD_0059.png\"}');
INSERT INTO `global_task_results` VALUES (102, 30, 'image', 'D:\\Project\\ComfyUI-Web-Service\\backend\\outputs\\2025\\07\\16\\SD_0060.png', 'SD_0060.png', 455245, NULL, NULL, NULL, NULL, NULL, 0, '2025-07-16 17:00:57', '{\"result_index\": 3, \"original_filename\": \"SD_0060.png\"}');
INSERT INTO `global_task_results` VALUES (103, 31, 'image', 'D:\\Project\\ComfyUI-Web-Service\\backend\\outputs\\2025\\07\\16\\SD_0061.png', 'SD_0061.png', 410003, NULL, NULL, NULL, NULL, NULL, 0, '2025-07-16 17:03:11', '{\"result_index\": 0, \"original_filename\": \"SD_0061.png\"}');
INSERT INTO `global_task_results` VALUES (104, 31, 'image', 'D:\\Project\\ComfyUI-Web-Service\\backend\\outputs\\2025\\07\\16\\SD_0062.png', 'SD_0062.png', 333463, NULL, NULL, NULL, NULL, NULL, 0, '2025-07-16 17:03:11', '{\"result_index\": 1, \"original_filename\": \"SD_0062.png\"}');
INSERT INTO `global_task_results` VALUES (105, 31, 'image', 'D:\\Project\\ComfyUI-Web-Service\\backend\\outputs\\2025\\07\\16\\SD_0063.png', 'SD_0063.png', 426225, NULL, NULL, NULL, NULL, NULL, 0, '2025-07-16 17:03:11', '{\"result_index\": 2, \"original_filename\": \"SD_0063.png\"}');
INSERT INTO `global_task_results` VALUES (106, 31, 'image', 'D:\\Project\\ComfyUI-Web-Service\\backend\\outputs\\2025\\07\\16\\SD_0064.png', 'SD_0064.png', 414271, NULL, NULL, NULL, NULL, NULL, 0, '2025-07-16 17:03:11', '{\"result_index\": 3, \"original_filename\": \"SD_0064.png\"}');
INSERT INTO `global_task_results` VALUES (107, 32, 'image', 'D:\\Project\\ComfyUI-Web-Service\\backend\\outputs\\2025\\07\\16\\SD_0065.png', 'SD_0065.png', 392988, NULL, NULL, NULL, NULL, NULL, 0, '2025-07-16 17:06:11', '{\"result_index\": 0, \"original_filename\": \"SD_0065.png\"}');
INSERT INTO `global_task_results` VALUES (108, 32, 'image', 'D:\\Project\\ComfyUI-Web-Service\\backend\\outputs\\2025\\07\\16\\SD_0066.png', 'SD_0066.png', 440686, NULL, NULL, NULL, NULL, NULL, 0, '2025-07-16 17:06:11', '{\"result_index\": 1, \"original_filename\": \"SD_0066.png\"}');
INSERT INTO `global_task_results` VALUES (109, 32, 'image', 'D:\\Project\\ComfyUI-Web-Service\\backend\\outputs\\2025\\07\\16\\SD_0067.png', 'SD_0067.png', 409391, NULL, NULL, NULL, NULL, NULL, 0, '2025-07-16 17:06:11', '{\"result_index\": 2, \"original_filename\": \"SD_0067.png\"}');
INSERT INTO `global_task_results` VALUES (110, 32, 'image', 'D:\\Project\\ComfyUI-Web-Service\\backend\\outputs\\2025\\07\\16\\SD_0068.png', 'SD_0068.png', 435522, NULL, NULL, NULL, NULL, NULL, 0, '2025-07-16 17:06:11', '{\"result_index\": 3, \"original_filename\": \"SD_0068.png\"}');
INSERT INTO `global_task_results` VALUES (111, 33, 'image', 'D:\\Project\\ComfyUI-Web-Service\\backend\\outputs\\2025\\07\\16\\SD_0069.png', 'SD_0069.png', 526045, NULL, NULL, NULL, NULL, NULL, 0, '2025-07-16 17:08:55', '{\"result_index\": 0, \"original_filename\": \"SD_0069.png\"}');
INSERT INTO `global_task_results` VALUES (112, 33, 'image', 'D:\\Project\\ComfyUI-Web-Service\\backend\\outputs\\2025\\07\\16\\SD_0070.png', 'SD_0070.png', 487594, NULL, NULL, NULL, NULL, NULL, 0, '2025-07-16 17:08:55', '{\"result_index\": 1, \"original_filename\": \"SD_0070.png\"}');
INSERT INTO `global_task_results` VALUES (113, 33, 'image', 'D:\\Project\\ComfyUI-Web-Service\\backend\\outputs\\2025\\07\\16\\SD_0071.png', 'SD_0071.png', 449899, NULL, NULL, NULL, NULL, NULL, 0, '2025-07-16 17:08:55', '{\"result_index\": 2, \"original_filename\": \"SD_0071.png\"}');
INSERT INTO `global_task_results` VALUES (114, 33, 'image', 'D:\\Project\\ComfyUI-Web-Service\\backend\\outputs\\2025\\07\\16\\SD_0072.png', 'SD_0072.png', 500550, NULL, NULL, NULL, NULL, NULL, 0, '2025-07-16 17:08:55', '{\"result_index\": 3, \"original_filename\": \"SD_0072.png\"}');
INSERT INTO `global_task_results` VALUES (115, 34, 'image', 'D:\\Project\\ComfyUI-Web-Service\\backend\\outputs\\2025\\07\\16\\SD_0073.png', 'SD_0073.png', 426920, NULL, NULL, NULL, NULL, NULL, 0, '2025-07-16 17:21:47', '{\"result_index\": 0, \"original_filename\": \"SD_0073.png\"}');
INSERT INTO `global_task_results` VALUES (116, 34, 'image', 'D:\\Project\\ComfyUI-Web-Service\\backend\\outputs\\2025\\07\\16\\SD_0074.png', 'SD_0074.png', 406362, NULL, NULL, NULL, NULL, NULL, 0, '2025-07-16 17:21:47', '{\"result_index\": 1, \"original_filename\": \"SD_0074.png\"}');
INSERT INTO `global_task_results` VALUES (117, 34, 'image', 'D:\\Project\\ComfyUI-Web-Service\\backend\\outputs\\2025\\07\\16\\SD_0075.png', 'SD_0075.png', 495874, NULL, NULL, NULL, NULL, NULL, 0, '2025-07-16 17:21:47', '{\"result_index\": 2, \"original_filename\": \"SD_0075.png\"}');
INSERT INTO `global_task_results` VALUES (118, 34, 'image', 'D:\\Project\\ComfyUI-Web-Service\\backend\\outputs\\2025\\07\\16\\SD_0076.png', 'SD_0076.png', 472753, NULL, NULL, NULL, NULL, NULL, 0, '2025-07-16 17:21:47', '{\"result_index\": 3, \"original_filename\": \"SD_0076.png\"}');
INSERT INTO `global_task_results` VALUES (119, 35, 'image', 'D:\\Project\\ComfyUI-Web-Service\\backend\\outputs\\2025\\07\\16\\SD_0077.png', 'SD_0077.png', 297383, NULL, NULL, NULL, NULL, NULL, 0, '2025-07-16 17:26:29', '{\"result_index\": 0, \"original_filename\": \"SD_0077.png\"}');
INSERT INTO `global_task_results` VALUES (120, 35, 'image', 'D:\\Project\\ComfyUI-Web-Service\\backend\\outputs\\2025\\07\\16\\SD_0078.png', 'SD_0078.png', 237601, NULL, NULL, NULL, NULL, NULL, 0, '2025-07-16 17:26:29', '{\"result_index\": 1, \"original_filename\": \"SD_0078.png\"}');
INSERT INTO `global_task_results` VALUES (121, 35, 'image', 'D:\\Project\\ComfyUI-Web-Service\\backend\\outputs\\2025\\07\\16\\SD_0079.png', 'SD_0079.png', 298157, NULL, NULL, NULL, NULL, NULL, 0, '2025-07-16 17:26:29', '{\"result_index\": 2, \"original_filename\": \"SD_0079.png\"}');
INSERT INTO `global_task_results` VALUES (122, 35, 'image', 'D:\\Project\\ComfyUI-Web-Service\\backend\\outputs\\2025\\07\\16\\SD_0080.png', 'SD_0080.png', 271673, NULL, NULL, NULL, NULL, NULL, 0, '2025-07-16 17:26:29', '{\"result_index\": 3, \"original_filename\": \"SD_0080.png\"}');
INSERT INTO `global_task_results` VALUES (123, 36, 'image', 'D:\\Project\\ComfyUI-Web-Service\\backend\\outputs\\2025\\07\\16\\SD_0081.png', 'SD_0081.png', 457486, NULL, NULL, NULL, NULL, NULL, 0, '2025-07-16 17:41:31', '{\"result_index\": 0, \"original_filename\": \"SD_0081.png\"}');
INSERT INTO `global_task_results` VALUES (124, 36, 'image', 'D:\\Project\\ComfyUI-Web-Service\\backend\\outputs\\2025\\07\\16\\SD_0082.png', 'SD_0082.png', 425088, NULL, NULL, NULL, NULL, NULL, 0, '2025-07-16 17:41:31', '{\"result_index\": 1, \"original_filename\": \"SD_0082.png\"}');
INSERT INTO `global_task_results` VALUES (125, 36, 'image', 'D:\\Project\\ComfyUI-Web-Service\\backend\\outputs\\2025\\07\\16\\SD_0083.png', 'SD_0083.png', 448763, NULL, NULL, NULL, NULL, NULL, 0, '2025-07-16 17:41:31', '{\"result_index\": 2, \"original_filename\": \"SD_0083.png\"}');
INSERT INTO `global_task_results` VALUES (126, 36, 'image', 'D:\\Project\\ComfyUI-Web-Service\\backend\\outputs\\2025\\07\\16\\SD_0084.png', 'SD_0084.png', 428840, NULL, NULL, NULL, NULL, NULL, 0, '2025-07-16 17:41:31', '{\"result_index\": 3, \"original_filename\": \"SD_0084.png\"}');
INSERT INTO `global_task_results` VALUES (127, 37, 'image', 'D:\\Project\\ComfyUI-Web-Service\\backend\\outputs\\2025\\07\\16\\SD_0085.png', 'SD_0085.png', 472430, NULL, NULL, NULL, NULL, NULL, 0, '2025-07-16 17:47:01', '{\"result_index\": 0, \"original_filename\": \"SD_0085.png\"}');
INSERT INTO `global_task_results` VALUES (128, 37, 'image', 'D:\\Project\\ComfyUI-Web-Service\\backend\\outputs\\2025\\07\\16\\SD_0086.png', 'SD_0086.png', 490173, NULL, NULL, NULL, NULL, NULL, 0, '2025-07-16 17:47:01', '{\"result_index\": 1, \"original_filename\": \"SD_0086.png\"}');
INSERT INTO `global_task_results` VALUES (129, 37, 'image', 'D:\\Project\\ComfyUI-Web-Service\\backend\\outputs\\2025\\07\\16\\SD_0087.png', 'SD_0087.png', 522068, NULL, NULL, NULL, NULL, NULL, 0, '2025-07-16 17:47:01', '{\"result_index\": 2, \"original_filename\": \"SD_0087.png\"}');
INSERT INTO `global_task_results` VALUES (130, 37, 'image', 'D:\\Project\\ComfyUI-Web-Service\\backend\\outputs\\2025\\07\\16\\SD_0088.png', 'SD_0088.png', 478720, NULL, NULL, NULL, NULL, NULL, 0, '2025-07-16 17:47:01', '{\"result_index\": 3, \"original_filename\": \"SD_0088.png\"}');
INSERT INTO `global_task_results` VALUES (131, 38, 'image', 'D:\\Project\\ComfyUI-Web-Service\\backend\\outputs\\2025\\07\\16\\SD_0089.png', 'SD_0089.png', 303763, NULL, NULL, NULL, NULL, NULL, 0, '2025-07-16 17:51:32', '{\"result_index\": 0, \"original_filename\": \"SD_0089.png\"}');
INSERT INTO `global_task_results` VALUES (132, 38, 'image', 'D:\\Project\\ComfyUI-Web-Service\\backend\\outputs\\2025\\07\\16\\SD_0090.png', 'SD_0090.png', 372611, NULL, NULL, NULL, NULL, NULL, 0, '2025-07-16 17:51:32', '{\"result_index\": 1, \"original_filename\": \"SD_0090.png\"}');
INSERT INTO `global_task_results` VALUES (133, 38, 'image', 'D:\\Project\\ComfyUI-Web-Service\\backend\\outputs\\2025\\07\\16\\SD_0091.png', 'SD_0091.png', 423268, NULL, NULL, NULL, NULL, NULL, 0, '2025-07-16 17:51:32', '{\"result_index\": 2, \"original_filename\": \"SD_0091.png\"}');
INSERT INTO `global_task_results` VALUES (134, 38, 'image', 'D:\\Project\\ComfyUI-Web-Service\\backend\\outputs\\2025\\07\\16\\SD_0092.png', 'SD_0092.png', 386882, NULL, NULL, NULL, NULL, NULL, 0, '2025-07-16 17:51:32', '{\"result_index\": 3, \"original_filename\": \"SD_0092.png\"}');
INSERT INTO `global_task_results` VALUES (135, 39, 'image', 'D:\\Project\\ComfyUI-Web-Service\\backend\\outputs\\2025\\07\\16\\SD_0093.png', 'SD_0093.png', 437923, NULL, NULL, NULL, NULL, NULL, 0, '2025-07-16 18:12:18', '{\"result_index\": 0, \"original_filename\": \"SD_0093.png\"}');
INSERT INTO `global_task_results` VALUES (136, 39, 'image', 'D:\\Project\\ComfyUI-Web-Service\\backend\\outputs\\2025\\07\\16\\SD_0094.png', 'SD_0094.png', 451433, NULL, NULL, NULL, NULL, NULL, 0, '2025-07-16 18:12:18', '{\"result_index\": 1, \"original_filename\": \"SD_0094.png\"}');
INSERT INTO `global_task_results` VALUES (137, 39, 'image', 'D:\\Project\\ComfyUI-Web-Service\\backend\\outputs\\2025\\07\\16\\SD_0095.png', 'SD_0095.png', 383336, NULL, NULL, NULL, NULL, NULL, 0, '2025-07-16 18:12:18', '{\"result_index\": 2, \"original_filename\": \"SD_0095.png\"}');
INSERT INTO `global_task_results` VALUES (138, 39, 'image', 'D:\\Project\\ComfyUI-Web-Service\\backend\\outputs\\2025\\07\\16\\SD_0096.png', 'SD_0096.png', 420505, NULL, NULL, NULL, NULL, NULL, 0, '2025-07-16 18:12:18', '{\"result_index\": 3, \"original_filename\": \"SD_0096.png\"}');
INSERT INTO `global_task_results` VALUES (139, 40, 'image', 'D:\\Project\\ComfyUI-Web-Service\\backend\\outputs\\2025\\07\\16\\SD_0097.png', 'SD_0097.png', 246563, NULL, NULL, NULL, NULL, NULL, 0, '2025-07-16 18:12:51', '{\"result_index\": 0, \"original_filename\": \"SD_0097.png\"}');
INSERT INTO `global_task_results` VALUES (140, 40, 'image', 'D:\\Project\\ComfyUI-Web-Service\\backend\\outputs\\2025\\07\\16\\SD_0098.png', 'SD_0098.png', 506844, NULL, NULL, NULL, NULL, NULL, 0, '2025-07-16 18:12:51', '{\"result_index\": 1, \"original_filename\": \"SD_0098.png\"}');
INSERT INTO `global_task_results` VALUES (141, 40, 'image', 'D:\\Project\\ComfyUI-Web-Service\\backend\\outputs\\2025\\07\\16\\SD_0099.png', 'SD_0099.png', 374931, NULL, NULL, NULL, NULL, NULL, 0, '2025-07-16 18:12:51', '{\"result_index\": 2, \"original_filename\": \"SD_0099.png\"}');
INSERT INTO `global_task_results` VALUES (142, 40, 'image', 'D:\\Project\\ComfyUI-Web-Service\\backend\\outputs\\2025\\07\\16\\SD_0100.png', 'SD_0100.png', 351593, NULL, NULL, NULL, NULL, NULL, 0, '2025-07-16 18:12:51', '{\"result_index\": 3, \"original_filename\": \"SD_0100.png\"}');
INSERT INTO `global_task_results` VALUES (143, 41, 'image', 'D:\\Project\\ComfyUI-Web-Service\\backend\\outputs\\2025\\07\\16\\SD_0101.png', 'SD_0101.png', 397298, NULL, NULL, NULL, NULL, NULL, 0, '2025-07-16 18:18:40', '{\"result_index\": 0, \"original_filename\": \"SD_0101.png\"}');
INSERT INTO `global_task_results` VALUES (144, 41, 'image', 'D:\\Project\\ComfyUI-Web-Service\\backend\\outputs\\2025\\07\\16\\SD_0102.png', 'SD_0102.png', 407901, NULL, NULL, NULL, NULL, NULL, 0, '2025-07-16 18:18:40', '{\"result_index\": 1, \"original_filename\": \"SD_0102.png\"}');
INSERT INTO `global_task_results` VALUES (145, 41, 'image', 'D:\\Project\\ComfyUI-Web-Service\\backend\\outputs\\2025\\07\\16\\SD_0103.png', 'SD_0103.png', 430824, NULL, NULL, NULL, NULL, NULL, 0, '2025-07-16 18:18:40', '{\"result_index\": 2, \"original_filename\": \"SD_0103.png\"}');
INSERT INTO `global_task_results` VALUES (146, 41, 'image', 'D:\\Project\\ComfyUI-Web-Service\\backend\\outputs\\2025\\07\\16\\SD_0104.png', 'SD_0104.png', 416059, NULL, NULL, NULL, NULL, NULL, 0, '2025-07-16 18:18:40', '{\"result_index\": 3, \"original_filename\": \"SD_0104.png\"}');
INSERT INTO `global_task_results` VALUES (147, 42, 'image', 'D:\\Project\\ComfyUI-Web-Service\\backend\\outputs\\2025\\07\\16\\SD_0105.png', 'SD_0105.png', 358796, NULL, NULL, NULL, NULL, NULL, 0, '2025-07-16 18:40:34', '{\"result_index\": 0, \"original_filename\": \"SD_0105.png\"}');
INSERT INTO `global_task_results` VALUES (148, 42, 'image', 'D:\\Project\\ComfyUI-Web-Service\\backend\\outputs\\2025\\07\\16\\SD_0106.png', 'SD_0106.png', 391168, NULL, NULL, NULL, NULL, NULL, 0, '2025-07-16 18:40:34', '{\"result_index\": 1, \"original_filename\": \"SD_0106.png\"}');
INSERT INTO `global_task_results` VALUES (149, 42, 'image', 'D:\\Project\\ComfyUI-Web-Service\\backend\\outputs\\2025\\07\\16\\SD_0107.png', 'SD_0107.png', 367796, NULL, NULL, NULL, NULL, NULL, 0, '2025-07-16 18:40:34', '{\"result_index\": 2, \"original_filename\": \"SD_0107.png\"}');
INSERT INTO `global_task_results` VALUES (150, 42, 'image', 'D:\\Project\\ComfyUI-Web-Service\\backend\\outputs\\2025\\07\\16\\SD_0108.png', 'SD_0108.png', 351757, NULL, NULL, NULL, NULL, NULL, 0, '2025-07-16 18:40:34', '{\"result_index\": 3, \"original_filename\": \"SD_0108.png\"}');
INSERT INTO `global_task_results` VALUES (151, 43, 'image', 'D:\\Project\\ComfyUI-Web-Service\\backend\\outputs\\2025\\07\\16\\SD_0109.png', 'SD_0109.png', 370781, NULL, NULL, NULL, NULL, NULL, 0, '2025-07-16 18:41:42', '{\"result_index\": 0, \"original_filename\": \"SD_0109.png\"}');
INSERT INTO `global_task_results` VALUES (152, 43, 'image', 'D:\\Project\\ComfyUI-Web-Service\\backend\\outputs\\2025\\07\\16\\SD_0110.png', 'SD_0110.png', 389228, NULL, NULL, NULL, NULL, NULL, 0, '2025-07-16 18:41:42', '{\"result_index\": 1, \"original_filename\": \"SD_0110.png\"}');
INSERT INTO `global_task_results` VALUES (153, 43, 'image', 'D:\\Project\\ComfyUI-Web-Service\\backend\\outputs\\2025\\07\\16\\SD_0111.png', 'SD_0111.png', 400155, NULL, NULL, NULL, NULL, NULL, 0, '2025-07-16 18:41:42', '{\"result_index\": 2, \"original_filename\": \"SD_0111.png\"}');
INSERT INTO `global_task_results` VALUES (154, 43, 'image', 'D:\\Project\\ComfyUI-Web-Service\\backend\\outputs\\2025\\07\\16\\SD_0112.png', 'SD_0112.png', 392572, NULL, NULL, NULL, NULL, NULL, 0, '2025-07-16 18:41:42', '{\"result_index\": 3, \"original_filename\": \"SD_0112.png\"}');
INSERT INTO `global_task_results` VALUES (155, 44, 'image', 'D:\\Project\\ComfyUI-Web-Service\\backend\\outputs\\2025\\07\\16\\SD_0113.png', 'SD_0113.png', 347093, NULL, NULL, NULL, NULL, NULL, 0, '2025-07-16 18:42:19', '{\"result_index\": 0, \"original_filename\": \"SD_0113.png\"}');
INSERT INTO `global_task_results` VALUES (156, 44, 'image', 'D:\\Project\\ComfyUI-Web-Service\\backend\\outputs\\2025\\07\\16\\SD_0114.png', 'SD_0114.png', 368573, NULL, NULL, NULL, NULL, NULL, 0, '2025-07-16 18:42:19', '{\"result_index\": 1, \"original_filename\": \"SD_0114.png\"}');
INSERT INTO `global_task_results` VALUES (157, 44, 'image', 'D:\\Project\\ComfyUI-Web-Service\\backend\\outputs\\2025\\07\\16\\SD_0115.png', 'SD_0115.png', 355119, NULL, NULL, NULL, NULL, NULL, 0, '2025-07-16 18:42:19', '{\"result_index\": 2, \"original_filename\": \"SD_0115.png\"}');
INSERT INTO `global_task_results` VALUES (158, 44, 'image', 'D:\\Project\\ComfyUI-Web-Service\\backend\\outputs\\2025\\07\\16\\SD_0116.png', 'SD_0116.png', 369559, NULL, NULL, NULL, NULL, NULL, 0, '2025-07-16 18:42:19', '{\"result_index\": 3, \"original_filename\": \"SD_0116.png\"}');
INSERT INTO `global_task_results` VALUES (159, 45, 'image', 'D:\\Project\\ComfyUI-Web-Service\\backend\\outputs\\2025\\07\\16\\SD_0117.png', 'SD_0117.png', 368948, NULL, NULL, NULL, NULL, NULL, 0, '2025-07-16 18:42:55', '{\"result_index\": 0, \"original_filename\": \"SD_0117.png\"}');
INSERT INTO `global_task_results` VALUES (160, 45, 'image', 'D:\\Project\\ComfyUI-Web-Service\\backend\\outputs\\2025\\07\\16\\SD_0118.png', 'SD_0118.png', 374419, NULL, NULL, NULL, NULL, NULL, 0, '2025-07-16 18:42:55', '{\"result_index\": 1, \"original_filename\": \"SD_0118.png\"}');
INSERT INTO `global_task_results` VALUES (161, 45, 'image', 'D:\\Project\\ComfyUI-Web-Service\\backend\\outputs\\2025\\07\\16\\SD_0119.png', 'SD_0119.png', 395033, NULL, NULL, NULL, NULL, NULL, 0, '2025-07-16 18:42:55', '{\"result_index\": 2, \"original_filename\": \"SD_0119.png\"}');
INSERT INTO `global_task_results` VALUES (162, 45, 'image', 'D:\\Project\\ComfyUI-Web-Service\\backend\\outputs\\2025\\07\\16\\SD_0120.png', 'SD_0120.png', 373067, NULL, NULL, NULL, NULL, NULL, 0, '2025-07-16 18:42:55', '{\"result_index\": 3, \"original_filename\": \"SD_0120.png\"}');
INSERT INTO `global_task_results` VALUES (163, 46, 'image', 'D:\\Project\\ComfyUI-Web-Service\\backend\\outputs\\2025\\07\\16\\SD_0121.png', 'SD_0121.png', 403411, NULL, NULL, NULL, NULL, NULL, 0, '2025-07-16 18:43:31', '{\"result_index\": 0, \"original_filename\": \"SD_0121.png\"}');
INSERT INTO `global_task_results` VALUES (164, 46, 'image', 'D:\\Project\\ComfyUI-Web-Service\\backend\\outputs\\2025\\07\\16\\SD_0122.png', 'SD_0122.png', 384656, NULL, NULL, NULL, NULL, NULL, 0, '2025-07-16 18:43:31', '{\"result_index\": 1, \"original_filename\": \"SD_0122.png\"}');
INSERT INTO `global_task_results` VALUES (165, 46, 'image', 'D:\\Project\\ComfyUI-Web-Service\\backend\\outputs\\2025\\07\\16\\SD_0123.png', 'SD_0123.png', 385302, NULL, NULL, NULL, NULL, NULL, 0, '2025-07-16 18:43:31', '{\"result_index\": 2, \"original_filename\": \"SD_0123.png\"}');
INSERT INTO `global_task_results` VALUES (166, 46, 'image', 'D:\\Project\\ComfyUI-Web-Service\\backend\\outputs\\2025\\07\\16\\SD_0124.png', 'SD_0124.png', 385986, NULL, NULL, NULL, NULL, NULL, 0, '2025-07-16 18:43:31', '{\"result_index\": 3, \"original_filename\": \"SD_0124.png\"}');
INSERT INTO `global_task_results` VALUES (167, 47, 'image', 'D:\\Project\\ComfyUI-Web-Service\\backend\\outputs\\2025\\07\\17\\SD_0001.png', 'SD_0001.png', 447242, NULL, NULL, NULL, NULL, NULL, 0, '2025-07-17 11:20:08', '{\"result_index\": 0, \"original_filename\": \"SD_0001.png\"}');
INSERT INTO `global_task_results` VALUES (168, 47, 'image', 'D:\\Project\\ComfyUI-Web-Service\\backend\\outputs\\2025\\07\\17\\SD_0002.png', 'SD_0002.png', 445388, NULL, NULL, NULL, NULL, NULL, 0, '2025-07-17 11:20:08', '{\"result_index\": 1, \"original_filename\": \"SD_0002.png\"}');
INSERT INTO `global_task_results` VALUES (169, 47, 'image', 'D:\\Project\\ComfyUI-Web-Service\\backend\\outputs\\2025\\07\\17\\SD_0003.png', 'SD_0003.png', 414601, NULL, NULL, NULL, NULL, NULL, 0, '2025-07-17 11:20:08', '{\"result_index\": 2, \"original_filename\": \"SD_0003.png\"}');
INSERT INTO `global_task_results` VALUES (170, 47, 'image', 'D:\\Project\\ComfyUI-Web-Service\\backend\\outputs\\2025\\07\\17\\SD_0004.png', 'SD_0004.png', 449419, NULL, NULL, NULL, NULL, NULL, 0, '2025-07-17 11:20:08', '{\"result_index\": 3, \"original_filename\": \"SD_0004.png\"}');
INSERT INTO `global_task_results` VALUES (171, 48, 'image', 'D:\\Project\\ComfyUI-Web-Service\\backend\\outputs\\2025\\07\\17\\SD_0005.png', 'SD_0005.png', 513085, NULL, NULL, NULL, NULL, NULL, 0, '2025-07-17 11:26:41', '{\"result_index\": 0, \"original_filename\": \"SD_0005.png\"}');
INSERT INTO `global_task_results` VALUES (172, 48, 'image', 'D:\\Project\\ComfyUI-Web-Service\\backend\\outputs\\2025\\07\\17\\SD_0006.png', 'SD_0006.png', 474400, NULL, NULL, NULL, NULL, NULL, 0, '2025-07-17 11:26:41', '{\"result_index\": 1, \"original_filename\": \"SD_0006.png\"}');
INSERT INTO `global_task_results` VALUES (173, 48, 'image', 'D:\\Project\\ComfyUI-Web-Service\\backend\\outputs\\2025\\07\\17\\SD_0007.png', 'SD_0007.png', 503741, NULL, NULL, NULL, NULL, NULL, 0, '2025-07-17 11:26:41', '{\"result_index\": 2, \"original_filename\": \"SD_0007.png\"}');
INSERT INTO `global_task_results` VALUES (174, 48, 'image', 'D:\\Project\\ComfyUI-Web-Service\\backend\\outputs\\2025\\07\\17\\SD_0008.png', 'SD_0008.png', 518128, NULL, NULL, NULL, NULL, NULL, 0, '2025-07-17 11:26:41', '{\"result_index\": 3, \"original_filename\": \"SD_0008.png\"}');
INSERT INTO `global_task_results` VALUES (175, 49, 'image', 'D:\\Project\\ComfyUI-Web-Service\\backend\\outputs\\2025\\07\\17\\SD_0009.png', 'SD_0009.png', 426765, NULL, NULL, NULL, NULL, NULL, 0, '2025-07-17 11:29:14', '{\"result_index\": 0, \"original_filename\": \"SD_0009.png\"}');
INSERT INTO `global_task_results` VALUES (176, 49, 'image', 'D:\\Project\\ComfyUI-Web-Service\\backend\\outputs\\2025\\07\\17\\SD_0010.png', 'SD_0010.png', 392951, NULL, NULL, NULL, NULL, NULL, 0, '2025-07-17 11:29:14', '{\"result_index\": 1, \"original_filename\": \"SD_0010.png\"}');
INSERT INTO `global_task_results` VALUES (177, 49, 'image', 'D:\\Project\\ComfyUI-Web-Service\\backend\\outputs\\2025\\07\\17\\SD_0011.png', 'SD_0011.png', 417610, NULL, NULL, NULL, NULL, NULL, 0, '2025-07-17 11:29:14', '{\"result_index\": 2, \"original_filename\": \"SD_0011.png\"}');
INSERT INTO `global_task_results` VALUES (178, 49, 'image', 'D:\\Project\\ComfyUI-Web-Service\\backend\\outputs\\2025\\07\\17\\SD_0012.png', 'SD_0012.png', 434983, NULL, NULL, NULL, NULL, NULL, 0, '2025-07-17 11:29:14', '{\"result_index\": 3, \"original_filename\": \"SD_0012.png\"}');
INSERT INTO `global_task_results` VALUES (179, 50, 'image', 'D:\\Project\\ComfyUI-Web-Service\\backend\\outputs\\2025\\07\\17\\SD_0013.png', 'SD_0013.png', 461488, NULL, NULL, NULL, NULL, NULL, 0, '2025-07-17 11:53:34', '{\"result_index\": 0, \"original_filename\": \"SD_0013.png\"}');
INSERT INTO `global_task_results` VALUES (180, 50, 'image', 'D:\\Project\\ComfyUI-Web-Service\\backend\\outputs\\2025\\07\\17\\SD_0014.png', 'SD_0014.png', 473315, NULL, NULL, NULL, NULL, NULL, 0, '2025-07-17 11:53:34', '{\"result_index\": 1, \"original_filename\": \"SD_0014.png\"}');
INSERT INTO `global_task_results` VALUES (181, 50, 'image', 'D:\\Project\\ComfyUI-Web-Service\\backend\\outputs\\2025\\07\\17\\SD_0015.png', 'SD_0015.png', 423016, NULL, NULL, NULL, NULL, NULL, 0, '2025-07-17 11:53:34', '{\"result_index\": 2, \"original_filename\": \"SD_0015.png\"}');
INSERT INTO `global_task_results` VALUES (182, 50, 'image', 'D:\\Project\\ComfyUI-Web-Service\\backend\\outputs\\2025\\07\\17\\SD_0016.png', 'SD_0016.png', 395126, NULL, NULL, NULL, NULL, NULL, 0, '2025-07-17 11:53:34', '{\"result_index\": 3, \"original_filename\": \"SD_0016.png\"}');
INSERT INTO `global_task_results` VALUES (183, 51, 'image', 'D:\\Project\\ComfyUI-Web-Service\\backend\\outputs\\2025\\07\\17\\SD_0017.png', 'SD_0017.png', 457457, NULL, NULL, NULL, NULL, NULL, 0, '2025-07-17 11:57:57', '{\"result_index\": 0, \"original_filename\": \"SD_0017.png\"}');
INSERT INTO `global_task_results` VALUES (184, 51, 'image', 'D:\\Project\\ComfyUI-Web-Service\\backend\\outputs\\2025\\07\\17\\SD_0018.png', 'SD_0018.png', 503308, NULL, NULL, NULL, NULL, NULL, 0, '2025-07-17 11:57:57', '{\"result_index\": 1, \"original_filename\": \"SD_0018.png\"}');
INSERT INTO `global_task_results` VALUES (185, 51, 'image', 'D:\\Project\\ComfyUI-Web-Service\\backend\\outputs\\2025\\07\\17\\SD_0019.png', 'SD_0019.png', 358418, NULL, NULL, NULL, NULL, NULL, 0, '2025-07-17 11:57:57', '{\"result_index\": 2, \"original_filename\": \"SD_0019.png\"}');
INSERT INTO `global_task_results` VALUES (186, 51, 'image', 'D:\\Project\\ComfyUI-Web-Service\\backend\\outputs\\2025\\07\\17\\SD_0020.png', 'SD_0020.png', 444192, NULL, NULL, NULL, NULL, NULL, 0, '2025-07-17 11:57:57', '{\"result_index\": 3, \"original_filename\": \"SD_0020.png\"}');
INSERT INTO `global_task_results` VALUES (187, 52, 'image', 'D:\\Project\\ComfyUI-Web-Service\\backend\\outputs\\2025\\07\\17\\SD_0021.png', 'SD_0021.png', 464765, NULL, NULL, NULL, NULL, NULL, 0, '2025-07-17 11:59:22', '{\"result_index\": 0, \"original_filename\": \"SD_0021.png\"}');
INSERT INTO `global_task_results` VALUES (188, 52, 'image', 'D:\\Project\\ComfyUI-Web-Service\\backend\\outputs\\2025\\07\\17\\SD_0022.png', 'SD_0022.png', 492854, NULL, NULL, NULL, NULL, NULL, 0, '2025-07-17 11:59:22', '{\"result_index\": 1, \"original_filename\": \"SD_0022.png\"}');
INSERT INTO `global_task_results` VALUES (189, 52, 'image', 'D:\\Project\\ComfyUI-Web-Service\\backend\\outputs\\2025\\07\\17\\SD_0023.png', 'SD_0023.png', 492638, NULL, NULL, NULL, NULL, NULL, 0, '2025-07-17 11:59:22', '{\"result_index\": 2, \"original_filename\": \"SD_0023.png\"}');
INSERT INTO `global_task_results` VALUES (190, 52, 'image', 'D:\\Project\\ComfyUI-Web-Service\\backend\\outputs\\2025\\07\\17\\SD_0024.png', 'SD_0024.png', 476263, NULL, NULL, NULL, NULL, NULL, 0, '2025-07-17 11:59:22', '{\"result_index\": 3, \"original_filename\": \"SD_0024.png\"}');
INSERT INTO `global_task_results` VALUES (191, 53, 'image', 'D:\\Project\\ComfyUI-Web-Service\\backend\\outputs\\2025\\07\\17\\SD_0025.png', 'SD_0025.png', 443510, NULL, NULL, NULL, NULL, NULL, 0, '2025-07-17 12:04:17', '{\"result_index\": 0, \"original_filename\": \"SD_0025.png\"}');
INSERT INTO `global_task_results` VALUES (192, 53, 'image', 'D:\\Project\\ComfyUI-Web-Service\\backend\\outputs\\2025\\07\\17\\SD_0026.png', 'SD_0026.png', 429547, NULL, NULL, NULL, NULL, NULL, 0, '2025-07-17 12:04:17', '{\"result_index\": 1, \"original_filename\": \"SD_0026.png\"}');
INSERT INTO `global_task_results` VALUES (193, 53, 'image', 'D:\\Project\\ComfyUI-Web-Service\\backend\\outputs\\2025\\07\\17\\SD_0027.png', 'SD_0027.png', 444742, NULL, NULL, NULL, NULL, NULL, 0, '2025-07-17 12:04:17', '{\"result_index\": 2, \"original_filename\": \"SD_0027.png\"}');
INSERT INTO `global_task_results` VALUES (194, 53, 'image', 'D:\\Project\\ComfyUI-Web-Service\\backend\\outputs\\2025\\07\\17\\SD_0028.png', 'SD_0028.png', 530714, NULL, NULL, NULL, NULL, NULL, 0, '2025-07-17 12:04:17', '{\"result_index\": 3, \"original_filename\": \"SD_0028.png\"}');
INSERT INTO `global_task_results` VALUES (195, 54, 'image', 'D:\\Project\\ComfyUI-Web-Service\\backend\\outputs\\2025\\07\\17\\SD_0029.png', 'SD_0029.png', 402253, NULL, NULL, NULL, NULL, NULL, 0, '2025-07-17 12:54:42', '{\"result_index\": 0, \"original_filename\": \"SD_0029.png\"}');
INSERT INTO `global_task_results` VALUES (196, 54, 'image', 'D:\\Project\\ComfyUI-Web-Service\\backend\\outputs\\2025\\07\\17\\SD_0030.png', 'SD_0030.png', 333143, NULL, NULL, NULL, NULL, NULL, 0, '2025-07-17 12:54:42', '{\"result_index\": 1, \"original_filename\": \"SD_0030.png\"}');
INSERT INTO `global_task_results` VALUES (197, 54, 'image', 'D:\\Project\\ComfyUI-Web-Service\\backend\\outputs\\2025\\07\\17\\SD_0031.png', 'SD_0031.png', 303566, NULL, NULL, NULL, NULL, NULL, 0, '2025-07-17 12:54:42', '{\"result_index\": 2, \"original_filename\": \"SD_0031.png\"}');
INSERT INTO `global_task_results` VALUES (198, 54, 'image', 'D:\\Project\\ComfyUI-Web-Service\\backend\\outputs\\2025\\07\\17\\SD_0032.png', 'SD_0032.png', 338960, NULL, NULL, NULL, NULL, NULL, 0, '2025-07-17 12:54:42', '{\"result_index\": 3, \"original_filename\": \"SD_0032.png\"}');
INSERT INTO `global_task_results` VALUES (199, 61, 'image', 'D:\\Project\\ComfyUI-Web-Service\\backend\\outputs\\2025\\07\\21\\SD_0005.png', 'SD_0005.png', 1524179, NULL, NULL, NULL, NULL, NULL, 0, '2025-07-21 10:58:14', '{\"result_index\": 0, \"original_filename\": \"SD_0005.png\"}');
INSERT INTO `global_task_results` VALUES (200, 61, 'image', 'D:\\Project\\ComfyUI-Web-Service\\backend\\outputs\\2025\\07\\21\\SD_0006.png', 'SD_0006.png', 1576263, NULL, NULL, NULL, NULL, NULL, 0, '2025-07-21 10:58:14', '{\"result_index\": 1, \"original_filename\": \"SD_0006.png\"}');
INSERT INTO `global_task_results` VALUES (201, 61, 'image', 'D:\\Project\\ComfyUI-Web-Service\\backend\\outputs\\2025\\07\\21\\SD_0007.png', 'SD_0007.png', 1656461, NULL, NULL, NULL, NULL, NULL, 0, '2025-07-21 10:58:14', '{\"result_index\": 2, \"original_filename\": \"SD_0007.png\"}');
INSERT INTO `global_task_results` VALUES (202, 61, 'image', 'D:\\Project\\ComfyUI-Web-Service\\backend\\outputs\\2025\\07\\21\\SD_0008.png', 'SD_0008.png', 1704020, NULL, NULL, NULL, NULL, NULL, 0, '2025-07-21 10:58:14', '{\"result_index\": 3, \"original_filename\": \"SD_0008.png\"}');
INSERT INTO `global_task_results` VALUES (203, 62, 'image', 'D:\\Project\\ComfyUI-Web-Service\\backend\\outputs\\2025\\07\\21\\SD_0009.png', 'SD_0009.png', 1865391, NULL, NULL, NULL, NULL, NULL, 0, '2025-07-21 11:06:36', '{\"result_index\": 0, \"original_filename\": \"SD_0009.png\"}');
INSERT INTO `global_task_results` VALUES (204, 62, 'image', 'D:\\Project\\ComfyUI-Web-Service\\backend\\outputs\\2025\\07\\21\\SD_0010.png', 'SD_0010.png', 1794537, NULL, NULL, NULL, NULL, NULL, 0, '2025-07-21 11:06:36', '{\"result_index\": 1, \"original_filename\": \"SD_0010.png\"}');
INSERT INTO `global_task_results` VALUES (205, 62, 'image', 'D:\\Project\\ComfyUI-Web-Service\\backend\\outputs\\2025\\07\\21\\SD_0011.png', 'SD_0011.png', 1844620, NULL, NULL, NULL, NULL, NULL, 0, '2025-07-21 11:06:36', '{\"result_index\": 2, \"original_filename\": \"SD_0011.png\"}');
INSERT INTO `global_task_results` VALUES (206, 62, 'image', 'D:\\Project\\ComfyUI-Web-Service\\backend\\outputs\\2025\\07\\21\\SD_0012.png', 'SD_0012.png', 1815149, NULL, NULL, NULL, NULL, NULL, 0, '2025-07-21 11:06:36', '{\"result_index\": 3, \"original_filename\": \"SD_0012.png\"}');
INSERT INTO `global_task_results` VALUES (207, 62, 'image', 'D:\\Project\\ComfyUI-Web-Service\\backend\\outputs\\2025\\07\\21\\SD_0013.png', 'SD_0013.png', 288154, NULL, NULL, NULL, NULL, NULL, 0, '2025-07-21 11:23:49', '{\"result_index\": 0, \"original_filename\": \"SD_0013.png\"}');
INSERT INTO `global_task_results` VALUES (208, 62, 'image', 'D:\\Project\\ComfyUI-Web-Service\\backend\\outputs\\2025\\07\\21\\SD_0014.png', 'SD_0014.png', 214479, NULL, NULL, NULL, NULL, NULL, 0, '2025-07-21 11:23:49', '{\"result_index\": 1, \"original_filename\": \"SD_0014.png\"}');
INSERT INTO `global_task_results` VALUES (209, 62, 'image', 'D:\\Project\\ComfyUI-Web-Service\\backend\\outputs\\2025\\07\\21\\SD_0015.png', 'SD_0015.png', 398595, NULL, NULL, NULL, NULL, NULL, 0, '2025-07-21 11:23:49', '{\"result_index\": 2, \"original_filename\": \"SD_0015.png\"}');
INSERT INTO `global_task_results` VALUES (210, 62, 'image', 'D:\\Project\\ComfyUI-Web-Service\\backend\\outputs\\2025\\07\\21\\SD_0016.png', 'SD_0016.png', 375039, NULL, NULL, NULL, NULL, NULL, 0, '2025-07-21 11:23:49', '{\"result_index\": 3, \"original_filename\": \"SD_0016.png\"}');
INSERT INTO `global_task_results` VALUES (211, 63, 'image', 'D:\\Project\\ComfyUI-Web-Service\\backend\\outputs\\2025\\07\\21\\SD_0017.png', 'SD_0017.png', 1777206, NULL, NULL, NULL, NULL, NULL, 0, '2025-07-21 11:28:19', '{\"result_index\": 0, \"original_filename\": \"SD_0017.png\"}');
INSERT INTO `global_task_results` VALUES (212, 63, 'image', 'D:\\Project\\ComfyUI-Web-Service\\backend\\outputs\\2025\\07\\21\\SD_0018.png', 'SD_0018.png', 1988124, NULL, NULL, NULL, NULL, NULL, 0, '2025-07-21 11:28:19', '{\"result_index\": 1, \"original_filename\": \"SD_0018.png\"}');
INSERT INTO `global_task_results` VALUES (213, 63, 'image', 'D:\\Project\\ComfyUI-Web-Service\\backend\\outputs\\2025\\07\\21\\SD_0019.png', 'SD_0019.png', 1789003, NULL, NULL, NULL, NULL, NULL, 0, '2025-07-21 11:28:19', '{\"result_index\": 2, \"original_filename\": \"SD_0019.png\"}');
INSERT INTO `global_task_results` VALUES (214, 63, 'image', 'D:\\Project\\ComfyUI-Web-Service\\backend\\outputs\\2025\\07\\21\\SD_0020.png', 'SD_0020.png', 1795066, NULL, NULL, NULL, NULL, NULL, 0, '2025-07-21 11:28:19', '{\"result_index\": 3, \"original_filename\": \"SD_0020.png\"}');
INSERT INTO `global_task_results` VALUES (215, 63, 'image', 'D:\\Project\\ComfyUI-Web-Service\\backend\\outputs\\2025\\07\\21\\SD_0021.png', 'SD_0021.png', 204426, NULL, NULL, NULL, NULL, NULL, 0, '2025-07-21 11:29:19', '{\"result_index\": 0, \"original_filename\": \"SD_0021.png\"}');
INSERT INTO `global_task_results` VALUES (216, 63, 'image', 'D:\\Project\\ComfyUI-Web-Service\\backend\\outputs\\2025\\07\\21\\SD_0022.png', 'SD_0022.png', 351607, NULL, NULL, NULL, NULL, NULL, 0, '2025-07-21 11:29:19', '{\"result_index\": 1, \"original_filename\": \"SD_0022.png\"}');
INSERT INTO `global_task_results` VALUES (217, 63, 'image', 'D:\\Project\\ComfyUI-Web-Service\\backend\\outputs\\2025\\07\\21\\SD_0023.png', 'SD_0023.png', 342223, NULL, NULL, NULL, NULL, NULL, 0, '2025-07-21 11:29:19', '{\"result_index\": 2, \"original_filename\": \"SD_0023.png\"}');
INSERT INTO `global_task_results` VALUES (218, 63, 'image', 'D:\\Project\\ComfyUI-Web-Service\\backend\\outputs\\2025\\07\\21\\SD_0024.png', 'SD_0024.png', 308594, NULL, NULL, NULL, NULL, NULL, 0, '2025-07-21 11:29:19', '{\"result_index\": 3, \"original_filename\": \"SD_0024.png\"}');
INSERT INTO `global_task_results` VALUES (219, 65, 'image', 'D:\\Project\\ComfyUI-Web-Service\\backend\\outputs\\2025\\07\\21\\SDXL_0001.png', 'SDXL_0001.png', 1420913, NULL, NULL, NULL, NULL, NULL, 0, '2025-07-21 11:50:00', '{\"result_index\": 0, \"original_filename\": \"SDXL_0001.png\"}');
INSERT INTO `global_task_results` VALUES (220, 66, 'image', 'D:\\Project\\ComfyUI-Web-Service\\backend\\outputs\\2025\\07\\21\\SD_0025.png', 'SD_0025.png', 1701652, NULL, NULL, NULL, NULL, NULL, 0, '2025-07-21 11:52:37', '{\"result_index\": 0, \"original_filename\": \"SD_0025.png\"}');
INSERT INTO `global_task_results` VALUES (221, 66, 'image', 'D:\\Project\\ComfyUI-Web-Service\\backend\\outputs\\2025\\07\\21\\SD_0026.png', 'SD_0026.png', 1743063, NULL, NULL, NULL, NULL, NULL, 0, '2025-07-21 11:52:37', '{\"result_index\": 1, \"original_filename\": \"SD_0026.png\"}');
INSERT INTO `global_task_results` VALUES (222, 66, 'image', 'D:\\Project\\ComfyUI-Web-Service\\backend\\outputs\\2025\\07\\21\\SD_0027.png', 'SD_0027.png', 1799161, NULL, NULL, NULL, NULL, NULL, 0, '2025-07-21 11:52:37', '{\"result_index\": 2, \"original_filename\": \"SD_0027.png\"}');
INSERT INTO `global_task_results` VALUES (223, 66, 'image', 'D:\\Project\\ComfyUI-Web-Service\\backend\\outputs\\2025\\07\\21\\SD_0028.png', 'SD_0028.png', 1713730, NULL, NULL, NULL, NULL, NULL, 0, '2025-07-21 11:52:37', '{\"result_index\": 3, \"original_filename\": \"SD_0028.png\"}');
INSERT INTO `global_task_results` VALUES (224, 67, 'image', 'D:\\Project\\ComfyUI-Web-Service\\backend\\outputs\\2025\\07\\21\\SD_0029.png', 'SD_0029.png', 1763690, NULL, NULL, NULL, NULL, NULL, 0, '2025-07-21 11:55:11', '{\"result_index\": 0, \"original_filename\": \"SD_0029.png\"}');
INSERT INTO `global_task_results` VALUES (225, 67, 'image', 'D:\\Project\\ComfyUI-Web-Service\\backend\\outputs\\2025\\07\\21\\SD_0030.png', 'SD_0030.png', 1947040, NULL, NULL, NULL, NULL, NULL, 0, '2025-07-21 11:55:11', '{\"result_index\": 1, \"original_filename\": \"SD_0030.png\"}');
INSERT INTO `global_task_results` VALUES (226, 67, 'image', 'D:\\Project\\ComfyUI-Web-Service\\backend\\outputs\\2025\\07\\21\\SD_0031.png', 'SD_0031.png', 1957189, NULL, NULL, NULL, NULL, NULL, 0, '2025-07-21 11:55:11', '{\"result_index\": 2, \"original_filename\": \"SD_0031.png\"}');
INSERT INTO `global_task_results` VALUES (227, 67, 'image', 'D:\\Project\\ComfyUI-Web-Service\\backend\\outputs\\2025\\07\\21\\SD_0032.png', 'SD_0032.png', 1844939, NULL, NULL, NULL, NULL, NULL, 0, '2025-07-21 11:55:11', '{\"result_index\": 3, \"original_filename\": \"SD_0032.png\"}');
INSERT INTO `global_task_results` VALUES (228, 68, 'image', 'D:\\Project\\ComfyUI-Web-Service\\backend\\outputs\\2025\\07\\21\\SD_0033.png', 'SD_0033.png', 1745745, NULL, NULL, NULL, NULL, NULL, 0, '2025-07-21 11:57:44', '{\"result_index\": 0, \"original_filename\": \"SD_0033.png\"}');
INSERT INTO `global_task_results` VALUES (229, 68, 'image', 'D:\\Project\\ComfyUI-Web-Service\\backend\\outputs\\2025\\07\\21\\SD_0034.png', 'SD_0034.png', 1616875, NULL, NULL, NULL, NULL, NULL, 0, '2025-07-21 11:57:44', '{\"result_index\": 1, \"original_filename\": \"SD_0034.png\"}');
INSERT INTO `global_task_results` VALUES (230, 68, 'image', 'D:\\Project\\ComfyUI-Web-Service\\backend\\outputs\\2025\\07\\21\\SD_0035.png', 'SD_0035.png', 1527970, NULL, NULL, NULL, NULL, NULL, 0, '2025-07-21 11:57:44', '{\"result_index\": 2, \"original_filename\": \"SD_0035.png\"}');
INSERT INTO `global_task_results` VALUES (231, 68, 'image', 'D:\\Project\\ComfyUI-Web-Service\\backend\\outputs\\2025\\07\\21\\SD_0036.png', 'SD_0036.png', 1793869, NULL, NULL, NULL, NULL, NULL, 0, '2025-07-21 11:57:44', '{\"result_index\": 3, \"original_filename\": \"SD_0036.png\"}');
INSERT INTO `global_task_results` VALUES (232, 69, 'image', 'D:\\Project\\ComfyUI-Web-Service\\backend\\outputs\\2025\\07\\21\\SD_0037.png', 'SD_0037.png', 465783, NULL, NULL, NULL, NULL, NULL, 0, '2025-07-21 12:07:41', '{\"result_index\": 0, \"original_filename\": \"SD_0037.png\"}');
INSERT INTO `global_task_results` VALUES (233, 69, 'image', 'D:\\Project\\ComfyUI-Web-Service\\backend\\outputs\\2025\\07\\21\\SD_0038.png', 'SD_0038.png', 437779, NULL, NULL, NULL, NULL, NULL, 0, '2025-07-21 12:07:41', '{\"result_index\": 1, \"original_filename\": \"SD_0038.png\"}');
INSERT INTO `global_task_results` VALUES (234, 69, 'image', 'D:\\Project\\ComfyUI-Web-Service\\backend\\outputs\\2025\\07\\21\\SD_0039.png', 'SD_0039.png', 417695, NULL, NULL, NULL, NULL, NULL, 0, '2025-07-21 12:07:41', '{\"result_index\": 2, \"original_filename\": \"SD_0039.png\"}');
INSERT INTO `global_task_results` VALUES (235, 69, 'image', 'D:\\Project\\ComfyUI-Web-Service\\backend\\outputs\\2025\\07\\21\\SD_0040.png', 'SD_0040.png', 431947, NULL, NULL, NULL, NULL, NULL, 0, '2025-07-21 12:07:41', '{\"result_index\": 3, \"original_filename\": \"SD_0040.png\"}');
INSERT INTO `global_task_results` VALUES (236, 69, 'image', 'D:\\Project\\ComfyUI-Web-Service\\backend\\outputs\\2025\\07\\21\\SD_0041.png', 'SD_0041.png', 474122, NULL, NULL, NULL, NULL, NULL, 0, '2025-07-21 12:08:35', '{\"result_index\": 0, \"original_filename\": \"SD_0041.png\"}');
INSERT INTO `global_task_results` VALUES (237, 69, 'image', 'D:\\Project\\ComfyUI-Web-Service\\backend\\outputs\\2025\\07\\21\\SD_0042.png', 'SD_0042.png', 456494, NULL, NULL, NULL, NULL, NULL, 0, '2025-07-21 12:08:35', '{\"result_index\": 1, \"original_filename\": \"SD_0042.png\"}');
INSERT INTO `global_task_results` VALUES (238, 69, 'image', 'D:\\Project\\ComfyUI-Web-Service\\backend\\outputs\\2025\\07\\21\\SD_0043.png', 'SD_0043.png', 445670, NULL, NULL, NULL, NULL, NULL, 0, '2025-07-21 12:08:35', '{\"result_index\": 2, \"original_filename\": \"SD_0043.png\"}');
INSERT INTO `global_task_results` VALUES (239, 69, 'image', 'D:\\Project\\ComfyUI-Web-Service\\backend\\outputs\\2025\\07\\21\\SD_0044.png', 'SD_0044.png', 471550, NULL, NULL, NULL, NULL, NULL, 0, '2025-07-21 12:08:35', '{\"result_index\": 3, \"original_filename\": \"SD_0044.png\"}');
INSERT INTO `global_task_results` VALUES (240, 66, 'image', 'D:\\Project\\ComfyUI-Web-Service\\backend\\outputs\\2025\\07\\21\\SD_0045.png', 'SD_0045.png', 464256, NULL, NULL, NULL, NULL, NULL, 0, '2025-07-21 12:11:25', '{\"result_index\": 0, \"original_filename\": \"SD_0045.png\"}');
INSERT INTO `global_task_results` VALUES (241, 66, 'image', 'D:\\Project\\ComfyUI-Web-Service\\backend\\outputs\\2025\\07\\21\\SD_0046.png', 'SD_0046.png', 458612, NULL, NULL, NULL, NULL, NULL, 0, '2025-07-21 12:11:25', '{\"result_index\": 1, \"original_filename\": \"SD_0046.png\"}');
INSERT INTO `global_task_results` VALUES (242, 66, 'image', 'D:\\Project\\ComfyUI-Web-Service\\backend\\outputs\\2025\\07\\21\\SD_0047.png', 'SD_0047.png', 445817, NULL, NULL, NULL, NULL, NULL, 0, '2025-07-21 12:11:25', '{\"result_index\": 2, \"original_filename\": \"SD_0047.png\"}');
INSERT INTO `global_task_results` VALUES (243, 66, 'image', 'D:\\Project\\ComfyUI-Web-Service\\backend\\outputs\\2025\\07\\21\\SD_0048.png', 'SD_0048.png', 437747, NULL, NULL, NULL, NULL, NULL, 0, '2025-07-21 12:11:25', '{\"result_index\": 3, \"original_filename\": \"SD_0048.png\"}');

-- ----------------------------
-- Table structure for global_tasks
-- ----------------------------
DROP TABLE IF EXISTS `global_tasks`;
CREATE TABLE `global_tasks`  (
  `id` bigint NOT NULL AUTO_INCREMENT,
  `task_id` varchar(36) CHARACTER SET utf8mb4 COLLATE utf8mb4_unicode_ci NOT NULL COMMENT '任务UUID',
  `source_type` enum('client','admin') CHARACTER SET utf8mb4 COLLATE utf8mb4_unicode_ci NOT NULL COMMENT '任务来源',
  `source_user_id` varchar(36) CHARACTER SET utf8mb4 COLLATE utf8mb4_unicode_ci NOT NULL COMMENT '来源用户ID',
  `task_type` enum('text_to_image','image_to_video') CHARACTER SET utf8mb4 COLLATE utf8mb4_unicode_ci NOT NULL COMMENT '任务类型',
  `workflow_name` varchar(100) CHARACTER SET utf8mb4 COLLATE utf8mb4_unicode_ci NOT NULL COMMENT '工作流名称',
  `prompt` text CHARACTER SET utf8mb4 COLLATE utf8mb4_unicode_ci NULL COMMENT '正向提示词',
  `negative_prompt` text CHARACTER SET utf8mb4 COLLATE utf8mb4_unicode_ci NULL COMMENT '反向提示词',
  `status` enum('queued','processing','completed','failed','cancelled') CHARACTER SET utf8mb4 COLLATE utf8mb4_unicode_ci NULL DEFAULT 'queued' COMMENT '任务状态',
  `priority` int NULL DEFAULT 1 COMMENT '任务优先级',
  `progress` decimal(5, 2) NULL DEFAULT 0.00 COMMENT '进度百分比',
  `message` text CHARACTER SET utf8mb4 COLLATE utf8mb4_unicode_ci NULL COMMENT '状态消息',
  `error_message` text CHARACTER SET utf8mb4 COLLATE utf8mb4_unicode_ci NULL COMMENT '错误消息',
  `celery_task_id` varchar(36) CHARACTER SET utf8mb4 COLLATE utf8mb4_unicode_ci NULL DEFAULT NULL COMMENT 'Celery任务ID',
  `node_id` varchar(100) CHARACTER SET utf8mb4 COLLATE utf8mb4_unicode_ci NULL DEFAULT NULL COMMENT '执行节点ID',
  `estimated_time` int NULL DEFAULT NULL COMMENT '预估处理时间(秒)',
  `actual_time` int NULL DEFAULT NULL COMMENT '实际处理时间(秒)',
  `started_at` timestamp NULL DEFAULT NULL COMMENT '开始处理时间',
  `completed_at` timestamp NULL DEFAULT NULL COMMENT '完成时间',
  `created_at` timestamp NULL DEFAULT CURRENT_TIMESTAMP,
  `updated_at` timestamp NULL DEFAULT CURRENT_TIMESTAMP ON UPDATE CURRENT_TIMESTAMP,
  `model_name` varchar(200) CHARACTER SET utf8mb4 COLLATE utf8mb4_unicode_ci NULL DEFAULT NULL COMMENT '使用的模型名称',
  `width` int NULL DEFAULT NULL COMMENT '图片宽度',
  `height` int NULL DEFAULT NULL COMMENT '图片高度',
  `steps` int NULL DEFAULT NULL COMMENT '采样步数',
  `cfg_scale` decimal(4, 2) NULL DEFAULT NULL COMMENT 'CFG引导强度',
  `sampler` varchar(50) CHARACTER SET utf8mb4 COLLATE utf8mb4_unicode_ci NULL DEFAULT NULL COMMENT '采样器',
  `scheduler` varchar(50) CHARACTER SET utf8mb4 COLLATE utf8mb4_unicode_ci NULL DEFAULT NULL COMMENT '调度器',
  `seed` bigint NULL DEFAULT NULL COMMENT '随机种子',
  `batch_size` int NULL DEFAULT 1 COMMENT '批量大小',
  PRIMARY KEY (`id`) USING BTREE,
  UNIQUE INDEX `task_id`(`task_id`) USING BTREE,
  INDEX `idx_task_id`(`task_id`) USING BTREE,
  INDEX `idx_source_type`(`source_type`) USING BTREE,
  INDEX `idx_source_user_id`(`source_user_id`) USING BTREE,
  INDEX `idx_status`(`status`) USING BTREE,
  INDEX `idx_task_type`(`task_type`) USING BTREE,
  INDEX `idx_created_at`(`created_at`) USING BTREE,
  INDEX `idx_node_id`(`node_id`) USING BTREE,
  INDEX `idx_celery_task_id`(`celery_task_id`) USING BTREE
) ENGINE = MyISAM AUTO_INCREMENT = 74 CHARACTER SET = utf8mb4 COLLATE = utf8mb4_unicode_ci COMMENT = '全局任务表' ROW_FORMAT = Dynamic;

-- ----------------------------
-- Records of global_tasks
-- ----------------------------
INSERT INTO `global_tasks` VALUES (20, '6ef419de-467f-447f-b05d-80c729f89cba', 'client', '5c06068d-74a4-4e14-8465-fc570191f77a', 'text_to_image', 'sd_basic', '超人', '', 'completed', 1, 100.00, '文生图任务完成', NULL, 'b76a736f-4dd0-4677-a7c3-2f58aa5dc250', NULL, 30, NULL, NULL, NULL, '2025-07-16 16:34:29', '2025-07-16 16:35:02', NULL, NULL, NULL, NULL, NULL, NULL, NULL, NULL, 1);
INSERT INTO `global_tasks` VALUES (19, '983512ce-d417-4328-814c-826aa2ce484e', 'client', '5c06068d-74a4-4e14-8465-fc570191f77a', 'text_to_image', 'sd_basic', '金刚狼', '', 'completed', 1, 100.00, '文生图任务完成', NULL, 'e6d96081-0339-49dc-8080-fc84b71d2109', NULL, 30, NULL, NULL, NULL, '2025-07-16 16:33:17', '2025-07-16 16:33:51', NULL, NULL, NULL, NULL, NULL, NULL, NULL, NULL, 1);
INSERT INTO `global_tasks` VALUES (18, '0a56af55-355f-442f-a601-8d93373e0624', 'client', '5c06068d-74a4-4e14-8465-fc570191f77a', 'text_to_image', 'sd_basic', '钢铁侠', '', 'completed', 1, 100.00, '文生图任务完成', NULL, 'c87d2080-2be8-4151-86fc-29f4d7cbd753', NULL, 30, NULL, NULL, NULL, '2025-07-16 16:30:55', '2025-07-16 16:31:32', NULL, NULL, NULL, NULL, NULL, NULL, NULL, NULL, 1);
INSERT INTO `global_tasks` VALUES (17, '8584781e-0467-4d03-97b0-529362508f69', 'client', '5c06068d-74a4-4e14-8465-fc570191f77a', 'text_to_image', 'sd_basic', '蝙蝠侠', '', 'completed', 1, 100.00, '文生图任务完成', NULL, '6dde8c65-d552-4be2-97a2-60932b85de28', NULL, 30, NULL, NULL, NULL, '2025-07-16 16:25:06', '2025-07-16 16:25:42', NULL, NULL, NULL, NULL, NULL, NULL, NULL, NULL, 1);
INSERT INTO `global_tasks` VALUES (16, '2810a325-be89-4b72-8a60-00b0e3e425cb', 'client', '5c06068d-74a4-4e14-8465-fc570191f77a', 'text_to_image', 'sd_basic', '菲尼克斯小丑', '', 'completed', 1, 100.00, '文生图任务完成', NULL, '72a04275-1047-42db-a223-834b518979aa', NULL, 30, NULL, NULL, NULL, '2025-07-16 16:20:41', '2025-07-16 16:21:22', NULL, NULL, NULL, NULL, NULL, NULL, NULL, NULL, 1);
INSERT INTO `global_tasks` VALUES (14, 'fe45c2b8-640a-4558-af92-0b69530703e6', 'client', '5c06068d-74a4-4e14-8465-fc570191f77a', 'text_to_image', 'sd_basic', 'Jocker', '', 'completed', 1, 100.00, '文生图任务完成', NULL, '81bfd6d9-1cef-440c-a9df-b583a4c333c5', NULL, 30, NULL, NULL, NULL, '2025-07-15 18:05:42', '2025-07-15 18:06:22', NULL, NULL, NULL, NULL, NULL, NULL, NULL, NULL, 1);
INSERT INTO `global_tasks` VALUES (13, 'cdfe4bbe-e3dc-4ab9-b56c-d819e18acd35', 'client', '5c06068d-74a4-4e14-8465-fc570191f77a', 'text_to_image', 'sd_basic', '雷欧奥特曼', '', 'completed', 1, 100.00, '文生图任务完成', NULL, '395a53de-79f4-4ed1-b9b7-acc782198576', NULL, 30, NULL, NULL, NULL, '2025-07-15 17:37:31', '2025-07-15 17:38:04', NULL, NULL, NULL, NULL, NULL, NULL, NULL, NULL, 1);
INSERT INTO `global_tasks` VALUES (12, 'c2338cd5-0240-4239-8cd1-cd010b7b29cd', 'client', '5c06068d-74a4-4e14-8465-fc570191f77a', 'text_to_image', 'sd_basic', '哥斯拉', '', 'completed', 1, 100.00, '文生图任务完成', NULL, 'f0274cff-7bcc-434f-a2e6-a0f30149a195', NULL, 30, NULL, NULL, NULL, '2025-07-15 17:36:04', '2025-07-15 17:36:41', NULL, NULL, NULL, NULL, NULL, NULL, NULL, NULL, 1);
INSERT INTO `global_tasks` VALUES (21, '6526bfdd-24a1-452e-9a55-77fa98587905', 'client', '5c06068d-74a4-4e14-8465-fc570191f77a', 'text_to_image', 'sd_basic', '美国队长', '', 'completed', 1, 100.00, '文生图任务完成', NULL, '2394be97-b8d5-4bfe-b35e-d6a729001229', NULL, 30, NULL, NULL, NULL, '2025-07-16 16:35:49', '2025-07-16 16:36:23', NULL, NULL, NULL, NULL, NULL, NULL, NULL, NULL, 1);
INSERT INTO `global_tasks` VALUES (22, 'a500b3ff-5ffd-4480-84da-16cf0e6d6cee', 'client', '5c06068d-74a4-4e14-8465-fc570191f77a', 'text_to_image', 'sd_basic', '闪电侠', '', 'completed', 1, 100.00, '文生图任务完成', NULL, '17e5c288-a8b4-4c62-98cb-7fa7b0488e39', NULL, 30, NULL, NULL, NULL, '2025-07-16 16:37:17', '2025-07-16 16:37:51', NULL, NULL, NULL, NULL, NULL, NULL, NULL, NULL, 1);
INSERT INTO `global_tasks` VALUES (23, 'a0438ef0-5878-48e9-af59-7e4ea593c4a6', 'client', '5c06068d-74a4-4e14-8465-fc570191f77a', 'text_to_image', 'sd_basic', '灰太狼', '', 'completed', 1, 100.00, '文生图任务完成', NULL, '02164340-375e-496e-b0a0-63c570039346', NULL, 30, NULL, NULL, NULL, '2025-07-16 16:41:47', '2025-07-16 16:42:21', NULL, NULL, NULL, NULL, NULL, NULL, NULL, NULL, 1);
INSERT INTO `global_tasks` VALUES (24, '30f29a29-527d-4cdc-ac31-abab7e061e55', 'client', '5c06068d-74a4-4e14-8465-fc570191f77a', 'text_to_image', 'sd_basic', '白雪公主', '', 'completed', 1, 100.00, '文生图任务完成', NULL, '589ed111-6d2e-4bae-96b8-85cb21355d82', NULL, 30, NULL, NULL, NULL, '2025-07-16 16:43:00', '2025-07-16 16:43:37', NULL, NULL, NULL, NULL, NULL, NULL, NULL, NULL, 1);
INSERT INTO `global_tasks` VALUES (25, '8cd53570-fac1-4c11-b25f-118b03aff712', 'client', '5c06068d-74a4-4e14-8465-fc570191f77a', 'text_to_image', 'sd_basic', '菲尼克斯小丑', '', 'completed', 1, 100.00, '文生图任务完成', NULL, 'fabddd78-6a6d-4cea-b416-a831354ba629', NULL, 30, NULL, NULL, NULL, '2025-07-16 16:46:42', '2025-07-16 16:47:16', NULL, NULL, NULL, NULL, NULL, NULL, NULL, NULL, 1);
INSERT INTO `global_tasks` VALUES (26, '8d7a71d8-e588-48e1-a8d7-2a8150ca72fb', 'client', '5c06068d-74a4-4e14-8465-fc570191f77a', 'text_to_image', 'sd_basic', '雪怪', '', 'completed', 1, 100.00, '文生图任务完成', NULL, '1f0347f2-b399-4296-984f-fb76d0d9667f', NULL, 30, NULL, NULL, NULL, '2025-07-16 16:48:59', '2025-07-16 16:49:33', NULL, NULL, NULL, NULL, NULL, NULL, NULL, NULL, 1);
INSERT INTO `global_tasks` VALUES (27, '2abdc36f-0764-4169-9875-57b69ca80633', 'client', '5c06068d-74a4-4e14-8465-fc570191f77a', 'text_to_image', 'sd_basic', '尼斯湖水怪', '', 'completed', 1, 100.00, '文生图任务完成', NULL, '7aed599c-07d4-4696-ae1a-3d3a1d31290b', NULL, 30, NULL, NULL, NULL, '2025-07-16 16:49:23', '2025-07-16 16:50:06', NULL, NULL, NULL, NULL, NULL, NULL, NULL, NULL, 1);
INSERT INTO `global_tasks` VALUES (28, 'ae11d703-f40e-4835-91ee-6bbeb7741620', 'client', '5c06068d-74a4-4e14-8465-fc570191f77a', 'text_to_image', 'sd_basic', '吸血鬼', '', 'completed', 1, 100.00, '文生图任务完成', NULL, '8b3b98d7-4936-47cd-bfb6-87868ab05855', NULL, 30, NULL, NULL, NULL, '2025-07-16 16:53:58', '2025-07-16 16:54:32', NULL, NULL, NULL, NULL, NULL, NULL, NULL, NULL, 1);
INSERT INTO `global_tasks` VALUES (29, 'a45208b3-98d4-400a-a39c-d466dc698d6f', 'client', '5c06068d-74a4-4e14-8465-fc570191f77a', 'text_to_image', 'sd_basic', '蜘蛛侠', '', 'completed', 1, 100.00, '文生图任务完成', NULL, '550f0f2d-1190-41b6-8f03-e226a99f455c', NULL, 30, NULL, NULL, NULL, '2025-07-16 16:58:51', '2025-07-16 16:59:21', NULL, NULL, NULL, NULL, NULL, NULL, NULL, NULL, 1);
INSERT INTO `global_tasks` VALUES (30, '779de649-b6d4-48a0-ae7f-478c400f787a', 'client', '5c06068d-74a4-4e14-8465-fc570191f77a', 'text_to_image', 'sd_basic', '漫威毒液', '', 'completed', 1, 100.00, '文生图任务完成', NULL, 'c0180eaf-01dd-4e82-b706-71332de99678', NULL, 30, NULL, NULL, NULL, '2025-07-16 17:00:24', '2025-07-16 17:00:58', NULL, NULL, NULL, NULL, NULL, NULL, NULL, NULL, 1);
INSERT INTO `global_tasks` VALUES (31, '78b2940b-3f4d-458e-afdd-814003b27c73', 'client', '5c06068d-74a4-4e14-8465-fc570191f77a', 'text_to_image', 'sd_basic', '暗黑,蜘蛛侠', '', 'completed', 1, 100.00, '文生图任务完成', NULL, '7acb5bdd-62a9-4547-9881-ac5bc37f9c63', NULL, 30, NULL, NULL, NULL, '2025-07-16 17:02:38', '2025-07-16 17:03:12', NULL, NULL, NULL, NULL, NULL, NULL, NULL, NULL, 1);
INSERT INTO `global_tasks` VALUES (32, '1bd01e1c-95a8-4809-bfc2-a092588b0714', 'client', '5c06068d-74a4-4e14-8465-fc570191f77a', 'text_to_image', 'sd_basic', '暗黑,超人,蝙蝠侠,争斗,打架', '', 'completed', 1, 100.00, '文生图任务完成', NULL, 'b6888a00-2114-42cb-9e25-ec13484f90b5', NULL, 30, NULL, NULL, NULL, '2025-07-16 17:05:38', '2025-07-16 17:06:12', NULL, NULL, NULL, NULL, NULL, NULL, NULL, NULL, 1);
INSERT INTO `global_tasks` VALUES (33, '1071cce8-30b6-4209-b6f7-90e71776e6f9', 'client', '5c06068d-74a4-4e14-8465-fc570191f77a', 'text_to_image', 'sd_basic', '祖国人', '', 'completed', 1, 100.00, '文生图任务完成', NULL, '31f56bd6-d320-4390-a04d-3340e2beb442', NULL, 30, NULL, NULL, NULL, '2025-07-16 17:08:22', '2025-07-16 17:08:56', NULL, NULL, NULL, NULL, NULL, NULL, NULL, NULL, 1);
INSERT INTO `global_tasks` VALUES (34, 'cc8af0f5-2a8b-48e3-8f6a-8711809132fa', 'client', '5c06068d-74a4-4e14-8465-fc570191f77a', 'text_to_image', 'sd_basic', '超人大战蝙蝠侠', '', 'completed', 1, 100.00, '文生图任务完成', NULL, '151cc114-152d-423d-8ba2-60035e13aa6f', NULL, 30, NULL, NULL, NULL, '2025-07-16 17:21:07', '2025-07-16 17:21:47', NULL, NULL, NULL, NULL, NULL, NULL, NULL, NULL, 1);
INSERT INTO `global_tasks` VALUES (35, 'd004504e-5daa-4917-b7a8-4e1c826dc736', 'client', '5c06068d-74a4-4e14-8465-fc570191f77a', 'text_to_image', 'sd_basic', '月球背面，外星人，外形基地，飞碟', '', 'completed', 1, 100.00, '文生图任务完成', NULL, 'a008865b-e41a-4282-a6fa-72fe9190ef47', NULL, 30, NULL, NULL, NULL, '2025-07-16 17:25:56', '2025-07-16 17:26:30', NULL, NULL, NULL, NULL, NULL, NULL, NULL, NULL, 1);
INSERT INTO `global_tasks` VALUES (36, '518c8053-4f50-4c2c-95ea-23aca3773084', 'client', '5c06068d-74a4-4e14-8465-fc570191f77a', 'text_to_image', 'sd_basic', '太空', '', 'completed', 1, 100.00, '文生图任务完成', NULL, '24019419-3e83-4708-8e3a-fe4c6aaf1a10', NULL, 30, NULL, NULL, NULL, '2025-07-16 17:40:51', '2025-07-16 17:41:31', NULL, NULL, NULL, NULL, NULL, NULL, NULL, NULL, 1);
INSERT INTO `global_tasks` VALUES (37, 'a6345def-04f6-44db-854d-4ca45612a7d8', 'client', '5c06068d-74a4-4e14-8465-fc570191f77a', 'text_to_image', 'sd_basic', '小小的地球', '', 'completed', 1, 100.00, '文生图任务完成', NULL, 'b298ae54-1652-4772-afe3-7580e4dfa117', NULL, 30, NULL, NULL, NULL, '2025-07-16 17:46:27', '2025-07-16 17:47:01', NULL, NULL, NULL, NULL, NULL, NULL, NULL, NULL, 1);
INSERT INTO `global_tasks` VALUES (38, 'b896dd7e-f6fb-42a8-a4c3-4295e1cc406f', 'client', '5c06068d-74a4-4e14-8465-fc570191f77a', 'text_to_image', 'sd_basic', '太阳', '', 'completed', 1, 100.00, '文生图任务完成', NULL, 'a1ecd486-1282-4758-90a9-849882d378bf', NULL, 30, NULL, NULL, NULL, '2025-07-16 17:50:59', '2025-07-16 17:51:33', NULL, NULL, NULL, NULL, NULL, NULL, NULL, NULL, 1);
INSERT INTO `global_tasks` VALUES (39, '5ea6bf1a-40c9-4e8e-900f-58ee03145ac0', 'client', '5c06068d-74a4-4e14-8465-fc570191f77a', 'text_to_image', 'sd_basic', '外星人', '', 'completed', 1, 100.00, '文生图任务完成', NULL, 'f4844638-a13a-48f6-90f5-70630dc97f59', NULL, 30, NULL, NULL, NULL, '2025-07-16 18:11:42', '2025-07-16 18:12:19', NULL, NULL, NULL, NULL, NULL, NULL, NULL, NULL, 1);
INSERT INTO `global_tasks` VALUES (40, 'dcc3e156-68ec-44ed-944f-49fb6cc18b48', 'client', '5c06068d-74a4-4e14-8465-fc570191f77a', 'text_to_image', 'sd_basic', '外星人', '', 'completed', 1, 100.00, '文生图任务完成', NULL, '4806a5d4-207d-4093-9228-d0db0cf5bdc4', NULL, 30, NULL, NULL, NULL, '2025-07-16 18:11:47', '2025-07-16 18:12:52', NULL, NULL, NULL, NULL, NULL, NULL, NULL, NULL, 1);
INSERT INTO `global_tasks` VALUES (41, 'f40378ac-6ed8-4f2f-b047-a4ca781dbd8f', 'client', '5c06068d-74a4-4e14-8465-fc570191f77a', 'text_to_image', 'sd_basic', '超人', '', 'completed', 1, 100.00, '文生图任务完成', NULL, '375273fc-b1a3-4746-8455-0074e2aeb9b1', NULL, 30, NULL, NULL, NULL, '2025-07-16 18:18:00', '2025-07-16 18:18:40', NULL, NULL, NULL, NULL, NULL, NULL, NULL, NULL, 1);
INSERT INTO `global_tasks` VALUES (42, '51f5e72b-dc43-49c7-a3e8-8a424b02ef53', 'client', '5c06068d-74a4-4e14-8465-fc570191f77a', 'text_to_image', 'sd_basic', 'nsfw', '', 'completed', 1, 100.00, '文生图任务完成', NULL, 'fbdd1146-eb19-4c6c-afca-3a935f97f5d0', NULL, 30, NULL, NULL, NULL, '2025-07-16 18:39:58', '2025-07-16 18:40:35', NULL, NULL, NULL, NULL, NULL, NULL, NULL, NULL, 1);
INSERT INTO `global_tasks` VALUES (43, '13274859-cebd-46bd-8472-fec7a20ed703', 'client', '5c06068d-74a4-4e14-8465-fc570191f77a', 'text_to_image', 'sd_basic', '小丑', '', 'completed', 1, 100.00, '文生图任务完成', NULL, '270b978f-58ee-4efc-829e-f59932522d2e', NULL, 30, NULL, NULL, NULL, '2025-07-16 18:41:05', '2025-07-16 18:41:43', NULL, NULL, NULL, NULL, NULL, NULL, NULL, NULL, 1);
INSERT INTO `global_tasks` VALUES (44, 'c42d8661-bf1b-47a9-9361-6283fbe1c657', 'client', '5c06068d-74a4-4e14-8465-fc570191f77a', 'text_to_image', 'sd_basic', '蝙蝠侠', '', 'completed', 1, 100.00, '文生图任务完成', NULL, '5e67251e-fa22-4270-aa5d-6cbf8e02e243', NULL, 30, NULL, NULL, NULL, '2025-07-16 18:41:10', '2025-07-16 18:42:19', NULL, NULL, NULL, NULL, NULL, NULL, NULL, NULL, 1);
INSERT INTO `global_tasks` VALUES (45, '83da8327-a299-4041-848d-e3c033f499ca', 'client', '5c06068d-74a4-4e14-8465-fc570191f77a', 'text_to_image', 'sd_basic', '超人', '', 'completed', 1, 100.00, '文生图任务完成', NULL, 'c5052e72-1812-447b-ad45-2d45b3dd95d7', NULL, 30, NULL, NULL, NULL, '2025-07-16 18:41:15', '2025-07-16 18:42:55', NULL, NULL, NULL, NULL, NULL, NULL, NULL, NULL, 1);
INSERT INTO `global_tasks` VALUES (46, '21066841-f3f4-4010-b374-98a249b3ec7a', 'client', '5c06068d-74a4-4e14-8465-fc570191f77a', 'text_to_image', 'sd_basic', '猫', '', 'completed', 1, 100.00, '文生图任务完成', NULL, 'da1dad50-f873-4ab6-82c0-ba82db29e596', NULL, 30, NULL, NULL, NULL, '2025-07-16 18:41:34', '2025-07-16 18:43:32', NULL, NULL, NULL, NULL, NULL, NULL, NULL, NULL, 1);
INSERT INTO `global_tasks` VALUES (47, 'b233d566-d696-467c-8898-4360ccae9e98', 'client', '5c06068d-74a4-4e14-8465-fc570191f77a', 'text_to_image', 'sd_basic', '狗', '', 'completed', 1, 100.00, '文生图任务完成', NULL, 'a2df7629-c2a8-4b86-8012-6f384db22a4f', NULL, 30, NULL, NULL, NULL, '2025-07-17 11:19:28', '2025-07-17 11:20:08', NULL, NULL, NULL, NULL, NULL, NULL, NULL, NULL, 1);
INSERT INTO `global_tasks` VALUES (48, '4d065510-dd01-4103-b6b6-2fb2b98d126d', 'client', '5c06068d-74a4-4e14-8465-fc570191f77a', 'text_to_image', 'sd_basic', '珠穆朗玛峰', '', 'completed', 1, 100.00, '文生图任务完成', NULL, '639aab5a-7072-4622-83da-c6109fcce0a9', NULL, 30, NULL, NULL, NULL, '2025-07-17 11:26:02', '2025-07-17 11:26:42', NULL, NULL, NULL, NULL, NULL, NULL, NULL, NULL, 1);
INSERT INTO `global_tasks` VALUES (49, 'd4551e0b-0d7a-4030-8403-985b059b689b', 'client', '5c06068d-74a4-4e14-8465-fc570191f77a', 'text_to_image', 'sd_basic', '亚马逊森蚺', '', 'completed', 1, 100.00, '文生图任务完成', NULL, 'f43c1ad1-148a-4a75-9995-74c467e54c79', NULL, 30, NULL, NULL, NULL, '2025-07-17 11:28:38', '2025-07-17 11:29:15', NULL, NULL, NULL, NULL, NULL, NULL, NULL, NULL, 1);
INSERT INTO `global_tasks` VALUES (50, '3e1e9cc6-508b-4c3d-a6a0-885f1e6be8ad', 'client', '5c06068d-74a4-4e14-8465-fc570191f77a', 'text_to_image', 'sd_basic', '富士山', '', 'completed', 1, 100.00, '文生图任务完成', NULL, 'a8cba852-85c3-4223-8b20-1a341dc48cf7', NULL, 30, NULL, NULL, NULL, '2025-07-17 11:52:58', '2025-07-17 11:53:34', NULL, NULL, NULL, NULL, NULL, NULL, NULL, NULL, 1);
INSERT INTO `global_tasks` VALUES (51, '4c504b52-c309-486a-b0ca-e2ea9b7bb4a4', 'client', '5c06068d-74a4-4e14-8465-fc570191f77a', 'text_to_image', 'sd_basic', '富士山', '', 'completed', 1, 100.00, '文生图任务完成', NULL, '2753348a-5651-4446-b2c1-3755c065723c', NULL, 30, NULL, NULL, NULL, '2025-07-17 11:57:27', '2025-07-17 11:57:58', NULL, NULL, NULL, NULL, NULL, NULL, NULL, NULL, 1);
INSERT INTO `global_tasks` VALUES (52, '661bc4ed-9c7f-4a12-8f0f-3ff3da67e43d', 'client', '5c06068d-74a4-4e14-8465-fc570191f77a', 'text_to_image', 'sd_basic', '樱花树，飘落的樱花，木桥，河流', '', 'completed', 1, 100.00, '文生图任务完成', NULL, '06e9aad2-1990-49e3-811c-21bc4793d4e3', NULL, 30, NULL, NULL, NULL, '2025-07-17 11:58:46', '2025-07-17 11:59:23', NULL, NULL, NULL, NULL, NULL, NULL, NULL, NULL, 1);
INSERT INTO `global_tasks` VALUES (53, 'b44b7127-e51f-4bc7-9dcc-4f974840e0c6', 'client', '5c06068d-74a4-4e14-8465-fc570191f77a', 'text_to_image', 'sd_basic', '樱花', '', 'completed', 1, 100.00, '文生图任务完成', NULL, 'af60d3ef-9a7c-4ee0-8eb1-f38fbbb26b3f', NULL, 30, NULL, NULL, NULL, '2025-07-17 12:03:44', '2025-07-17 12:04:18', NULL, NULL, NULL, NULL, NULL, NULL, NULL, NULL, 1);
INSERT INTO `global_tasks` VALUES (54, '0a6d79ee-dab3-4aa6-a619-10bf065fd5ab', 'client', '5c06068d-74a4-4e14-8465-fc570191f77a', 'text_to_image', 'sd_basic', '梅花', '', 'completed', 1, 100.00, '文生图任务完成', NULL, 'fab4d9c2-2ae2-47b2-b108-0559ba6af1db', NULL, 30, NULL, NULL, NULL, '2025-07-17 12:54:09', '2025-07-17 12:54:43', NULL, NULL, NULL, NULL, NULL, NULL, NULL, NULL, 1);
INSERT INTO `global_tasks` VALUES (55, '1a439c07-8d47-4612-bbe1-6e1a60d6a81f', 'client', '5c06068d-74a4-4e14-8465-fc570191f77a', 'text_to_image', 'sd_basic', '小狗', '', 'failed', 1, 0.00, '任务执行失败: 参数处理失败: 参数验证失败 [Stable Diffusion Basic]: 不允许的参数: batch_id', '参数处理失败: 参数验证失败 [Stable Diffusion Basic]: 不允许的参数: batch_id', 'ed0d1b3d-f7e5-44b4-9e01-ba71176108e5', NULL, 30, NULL, NULL, NULL, '2025-07-18 18:11:10', '2025-07-18 18:11:11', NULL, NULL, NULL, NULL, NULL, NULL, NULL, NULL, 1);
INSERT INTO `global_tasks` VALUES (56, 'e958ff29-db1c-497c-a4d2-3a8650f51546', 'client', '5c06068d-74a4-4e14-8465-fc570191f77a', 'text_to_image', 'sd_basic', '小马宝莉', '', 'failed', 1, 0.00, '文生图任务已提交到队列', NULL, 'e588402c-da7e-48ed-8efa-20569e28f831', NULL, 30, NULL, NULL, NULL, '2025-07-18 18:12:37', '2025-07-18 18:51:18', NULL, NULL, NULL, NULL, NULL, NULL, NULL, NULL, 1);
INSERT INTO `global_tasks` VALUES (57, '95e64016-ffc4-4a04-b7ec-44a47cf214cd', 'client', '5c06068d-74a4-4e14-8465-fc570191f77a', 'text_to_image', 'sd_basic', '小猪', '', 'failed', 1, 0.00, '任务执行失败: ComfyUI API调用失败: 状态码: 400, 响应: {\"error\": {\"type\": \"prompt_outputs_failed_validation\", \"message\": \"Prompt outputs failed validation\", \"details\": \"\", \"extra_info\": {}}, \"node_errors\": {\"4\": {\"errors\": [{\"type\": \"value_not_in_list\", \"message\": \"Value not in list\", \"details\": \"ckpt_name: \'Realistic\\\\majicmix7.safetensors\' not in [\'SD3.5\\\\\\\\sd3.5_medium.safetensors\', \'SDXL\\\\\\\\Wanxiang XLSuper RealisticV8.4_V8.4.safetensors\', \'SDXL\\\\\\\\juggernautXL_juggXIByRundiffusion_2.safetensors\', \'SDXL\\\\\\\\sd_xl_base_1.0.safetensors\', \'SDXL\\\\\\\\s', 'ComfyUI API调用失败: 状态码: 400, 响应: {\"error\": {\"type\": \"prompt_outputs_failed_validation\", \"message\": \"Prompt outputs failed validation\", \"details\": \"\", \"extra_info\": {}}, \"node_errors\": {\"4\": {\"errors\": [{\"type\": \"value_not_in_list\", \"message\": \"Value not in list\", \"details\": \"ckpt_name: \'Realistic\\\\majicmix7.safetensors\' not in [\'SD3.5\\\\\\\\sd3.5_medium.safetensors\', \'SDXL\\\\\\\\Wanxiang XLSuper RealisticV8.4_V8.4.safetensors\', \'SDXL\\\\\\\\juggernautXL_juggXIByRundiffusion_2.safetensors\', \'SDXL\\\\\\\\sd_xl_base_1.0.safetensors\', \'SDXL\\\\\\\\s', '2fbf1156-f1e2-47ee-9d97-3ecd7e8d5def', NULL, 30, NULL, NULL, NULL, '2025-07-18 18:14:21', '2025-07-21 10:31:06', NULL, 512, 512, NULL, NULL, NULL, NULL, NULL, 1);
INSERT INTO `global_tasks` VALUES (58, 'c0a9588a-2560-423d-a73b-35333e63b127', 'client', '5c06068d-74a4-4e14-8465-fc570191f77a', 'text_to_image', 'sd_basic', '巨型章鱼', '', 'queued', 1, 0.00, '文生图任务已提交到队列', NULL, '4ef2369b-b317-41d9-9561-85dfe26360cc', NULL, 30, NULL, NULL, NULL, '2025-07-21 10:33:27', '2025-07-21 10:33:27', NULL, NULL, NULL, NULL, NULL, NULL, NULL, NULL, 1);
INSERT INTO `global_tasks` VALUES (59, '91128611-fd34-4204-ac5f-dc19c047f1ba', 'client', '5c06068d-74a4-4e14-8465-fc570191f77a', 'text_to_image', 'sd_basic', '巨型章鱼', '', 'failed', 1, 0.00, '任务执行失败: ComfyUI API调用失败: 状态码: 400, 响应: {\"error\": {\"type\": \"prompt_outputs_failed_validation\", \"message\": \"Prompt outputs failed validation\", \"details\": \"\", \"extra_info\": {}}, \"node_errors\": {\"4\": {\"errors\": [{\"type\": \"value_not_in_list\", \"message\": \"Value not in list\", \"details\": \"ckpt_name: \'Realistic\\\\majicmix7.safetensors\' not in [\'SD3.5\\\\\\\\sd3.5_medium.safetensors\', \'SDXL\\\\\\\\Wanxiang XLSuper RealisticV8.4_V8.4.safetensors\', \'SDXL\\\\\\\\juggernautXL_juggXIByRundiffusion_2.safetensors\', \'SDXL\\\\\\\\sd_xl_base_1.0.safetensors\', \'SDXL\\\\\\\\s', 'ComfyUI API调用失败: 状态码: 400, 响应: {\"error\": {\"type\": \"prompt_outputs_failed_validation\", \"message\": \"Prompt outputs failed validation\", \"details\": \"\", \"extra_info\": {}}, \"node_errors\": {\"4\": {\"errors\": [{\"type\": \"value_not_in_list\", \"message\": \"Value not in list\", \"details\": \"ckpt_name: \'Realistic\\\\majicmix7.safetensors\' not in [\'SD3.5\\\\\\\\sd3.5_medium.safetensors\', \'SDXL\\\\\\\\Wanxiang XLSuper RealisticV8.4_V8.4.safetensors\', \'SDXL\\\\\\\\juggernautXL_juggXIByRundiffusion_2.safetensors\', \'SDXL\\\\\\\\sd_xl_base_1.0.safetensors\', \'SDXL\\\\\\\\s', 'edc6d375-8efd-4586-8ac5-261fe6b06e7d', NULL, 30, NULL, NULL, NULL, '2025-07-21 10:34:29', '2025-07-21 10:43:05', NULL, 512, 512, NULL, NULL, NULL, NULL, NULL, 1);
INSERT INTO `global_tasks` VALUES (60, '68202fa1-2250-4577-adb3-e8ca36bec6f4', 'client', '5c06068d-74a4-4e14-8465-fc570191f77a', 'text_to_image', 'sd_basic', '章鱼', '', 'failed', 1, 0.00, '任务执行失败: name \'workflow_data\' is not defined', 'name \'workflow_data\' is not defined', 'b33078d7-6ca7-4db9-a9da-50409a1dfeaf', NULL, 30, NULL, NULL, NULL, '2025-07-21 10:44:18', '2025-07-21 10:45:00', NULL, NULL, NULL, NULL, NULL, NULL, NULL, NULL, 1);
INSERT INTO `global_tasks` VALUES (61, '4c2cd70c-7118-4314-aedc-712991772a19', 'client', '5c06068d-74a4-4e14-8465-fc570191f77a', 'text_to_image', 'sd_basic', '鲸鱼,深海', '天空', 'completed', 1, 100.00, '文生图任务完成', NULL, '97819bcb-ce53-434b-a3cb-81311f37b6a6', NULL, 120, NULL, NULL, NULL, '2025-07-21 10:55:43', '2025-07-21 10:58:15', 'SD\\majicmixRealistic_v7.safetensors', 1024, 1024, NULL, NULL, NULL, NULL, 699713, 1);
INSERT INTO `global_tasks` VALUES (62, 'b2e3cb94-e0db-4bbc-a19c-02690d053cec', 'client', '5c06068d-74a4-4e14-8465-fc570191f77a', 'text_to_image', 'sd_basic', '凶猛的鲨鱼张开巨大的嘴，深海', '天空，低画质，文字，畸形', 'completed', 1, 100.00, '文生图任务完成', NULL, '29738c97-44cd-4c7e-ac21-aac16d75dd6a', NULL, 120, NULL, NULL, NULL, '2025-07-21 11:04:16', '2025-07-21 11:23:50', 'SDXL\\sd_xl_base_1.0.safetensors', 512, 512, NULL, NULL, NULL, NULL, NULL, 1);
INSERT INTO `global_tasks` VALUES (63, '8d05532f-7ec6-48e0-acf1-edb083c98f52', 'client', '5c06068d-74a4-4e14-8465-fc570191f77a', 'text_to_image', 'sd_basic', '草原，狼，羊', '人', 'completed', 1, 100.00, '文生图任务完成', NULL, '7ca98d95-442c-42e2-ad2f-c66b67b449e8', NULL, 120, NULL, NULL, NULL, '2025-07-21 11:25:39', '2025-07-21 11:29:19', 'SDXL\\sd_xl_base_1.0.safetensors', 512, 512, NULL, NULL, NULL, NULL, NULL, 1);
INSERT INTO `global_tasks` VALUES (64, 'b9e2a0b2-955b-4a36-976a-1a3348fdd9d1', 'client', '5c06068d-74a4-4e14-8465-fc570191f77a', 'text_to_image', 'sdxl_basic', '深海，一只巨型章鱼，环境漆黑，恐怖，深海恐惧症', '两只及以上数量的生物，天空', 'processing', 1, 70.00, '工作流执行中', NULL, 'a89d15ac-b274-4e29-8853-f83bd73a6509', NULL, 120, NULL, NULL, NULL, '2025-07-21 11:41:50', '2025-07-21 11:41:50', NULL, NULL, NULL, NULL, NULL, NULL, NULL, NULL, 1);
INSERT INTO `global_tasks` VALUES (65, '12dbca0f-eee2-44c1-8563-ae466a37c2f2', 'client', '5c06068d-74a4-4e14-8465-fc570191f77a', 'text_to_image', 'sdxl_basic', '深海，一只巨型章鱼，漆黑的环境，章鱼若隐若现，眼睛发光', '两只及以上数量的生物，天空', 'completed', 1, 100.00, '文生图任务完成', NULL, 'd34efc60-68d0-4046-9645-adce34b529d0', NULL, 120, NULL, NULL, NULL, '2025-07-21 11:47:49', '2025-07-21 11:50:00', 'SDXL\\juggernautXL_juggXIByRundiffusion_2.safetensors', 1024, 1024, NULL, NULL, NULL, NULL, 607204, 1);
INSERT INTO `global_tasks` VALUES (66, '23d054f0-e913-4e74-8da9-00fcc528ca5b', 'client', '5c06068d-74a4-4e14-8465-fc570191f77a', 'text_to_image', 'sd_basic', '鲸鱼', '', 'completed', 1, 100.00, '文生图任务完成', NULL, '503aeb1e-1077-49b3-b16f-bc3e676b3f3a', NULL, 120, NULL, NULL, NULL, '2025-07-21 11:48:16', '2025-07-21 12:11:26', 'SD\\realisticVisionV60B1_v51HyperVAE.safetensors', 512, 512, NULL, NULL, NULL, NULL, NULL, 1);
INSERT INTO `global_tasks` VALUES (67, '190056af-92ec-4622-89c5-8214a8189a36', 'client', '5c06068d-74a4-4e14-8465-fc570191f77a', 'text_to_image', 'sd_basic', '章鱼', '', 'completed', 1, 100.00, '文生图任务完成', NULL, '90b4186e-76f0-4c80-920a-569cb7d9586c', NULL, 120, NULL, NULL, NULL, '2025-07-21 11:48:36', '2025-07-21 11:55:11', 'SD\\realisticVisionV60B1_v51HyperVAE.safetensors', 1024, 1024, NULL, NULL, NULL, NULL, 575398, 1);
INSERT INTO `global_tasks` VALUES (68, 'ee7ae884-bb2f-42b0-948b-ecb5e5a6e68a', 'client', '5c06068d-74a4-4e14-8465-fc570191f77a', 'text_to_image', 'sd_basic', '哈士奇', '', 'completed', 1, 100.00, '文生图任务完成', NULL, '32f6a75e-32e5-4ed4-ba7a-447876ce27f9', NULL, 120, NULL, NULL, NULL, '2025-07-21 11:49:24', '2025-07-21 11:57:45', 'SD\\realisticVisionV60B1_v51HyperVAE.safetensors', 1024, 1024, NULL, NULL, NULL, NULL, 177835, 1);
INSERT INTO `global_tasks` VALUES (69, 'b08a4c84-a852-445c-abf7-a2607eca1b5a', 'client', '5c06068d-74a4-4e14-8465-fc570191f77a', 'text_to_image', 'sd_basic', '鲨鱼', '', 'completed', 1, 100.00, '文生图任务完成', NULL, '60e8b6a7-99ba-4d3e-bd95-0d3ad85b27d3', NULL, 30, NULL, NULL, NULL, '2025-07-21 12:04:39', '2025-07-21 12:08:35', 'SD\\realisticVisionV60B1_v51HyperVAE.safetensors', 512, 512, NULL, NULL, NULL, NULL, NULL, 1);
INSERT INTO `global_tasks` VALUES (70, 'c13ff998-7da9-489c-80d6-9d9a287b7315', 'client', '5c06068d-74a4-4e14-8465-fc570191f77a', 'image_to_video', 'Wan2.1 i2v', '哈士奇奔跑', '', 'queued', 1, 0.00, '图生视频任务已提交到队列', NULL, '11f64916-2ecc-4017-8d1b-7ab21f0546a8', NULL, 120, NULL, NULL, NULL, '2025-07-21 17:36:19', '2025-07-21 17:36:20', NULL, NULL, NULL, NULL, NULL, NULL, NULL, NULL, 1);
INSERT INTO `global_tasks` VALUES (71, 'ccc27859-3300-4812-851e-8de453971ce6', 'client', '5c06068d-74a4-4e14-8465-fc570191f77a', 'image_to_video', 'Wan2.1 i2v', '拥抱', '', 'failed', 1, 0.00, '图生视频任务执行失败: name \'os\' is not defined', 'name \'os\' is not defined', '9491b594-5fa9-4b2f-aa95-a0b8a3b9e57e', NULL, 120, NULL, NULL, NULL, '2025-07-21 17:58:31', '2025-07-21 17:58:32', NULL, NULL, NULL, NULL, NULL, NULL, NULL, NULL, 1);
INSERT INTO `global_tasks` VALUES (72, 'acd9f3a4-e7db-4e5e-9abb-aed44f965073', 'client', '5c06068d-74a4-4e14-8465-fc570191f77a', 'image_to_video', 'Wan2.1 i2v', '拥抱', '', 'failed', 1, 0.00, '图生视频任务执行失败: No module named \'app.core.comfyui_client\'', 'No module named \'app.core.comfyui_client\'', '9ae92d93-52b4-4f6e-8fe9-36bd79893ac2', NULL, 120, NULL, NULL, NULL, '2025-07-21 18:09:06', '2025-07-21 18:09:06', NULL, NULL, NULL, NULL, NULL, NULL, NULL, NULL, 1);
INSERT INTO `global_tasks` VALUES (73, '29f8135d-94eb-4105-ae17-70169e554f09', 'client', '5c06068d-74a4-4e14-8465-fc570191f77a', 'image_to_video', 'Wan2.1 i2v', '拥抱', '', 'failed', 1, 0.00, '图生视频任务执行失败: 任务超时，ComfyUI可能处理时间过长', '任务超时，ComfyUI可能处理时间过长', 'bd35d632-40d6-4882-9849-659fff8eea92', NULL, 120, NULL, NULL, NULL, '2025-07-21 18:14:01', '2025-07-21 18:19:06', NULL, NULL, NULL, NULL, NULL, NULL, NULL, NULL, 1);

-- ----------------------------
-- Table structure for node_task_assignments
-- ----------------------------
DROP TABLE IF EXISTS `node_task_assignments`;
CREATE TABLE `node_task_assignments`  (
  `id` bigint NOT NULL AUTO_INCREMENT,
  `node_id` varchar(100) CHARACTER SET utf8mb4 COLLATE utf8mb4_unicode_ci NOT NULL COMMENT '节点ID',
  `task_id` bigint NOT NULL COMMENT '任务ID',
  `assigned_at` timestamp NULL DEFAULT CURRENT_TIMESTAMP COMMENT '分配时间',
  `started_at` timestamp NULL DEFAULT NULL COMMENT '开始时间',
  `completed_at` timestamp NULL DEFAULT NULL COMMENT '完成时间',
  `status` enum('assigned','running','completed','failed','cancelled') CHARACTER SET utf8mb4 COLLATE utf8mb4_unicode_ci NULL DEFAULT 'assigned' COMMENT '分配状态',
  PRIMARY KEY (`id`) USING BTREE,
  INDEX `idx_node_id`(`node_id`) USING BTREE,
  INDEX `idx_task_id`(`task_id`) USING BTREE,
  INDEX `idx_status`(`status`) USING BTREE,
  INDEX `idx_assigned_at`(`assigned_at`) USING BTREE
) ENGINE = MyISAM AUTO_INCREMENT = 1 CHARACTER SET = utf8mb4 COLLATE = utf8mb4_unicode_ci COMMENT = '节点任务分配表' ROW_FORMAT = Dynamic;

-- ----------------------------
-- Records of node_task_assignments
-- ----------------------------

-- ----------------------------
-- Table structure for system_statistics
-- ----------------------------
DROP TABLE IF EXISTS `system_statistics`;
CREATE TABLE `system_statistics`  (
  `id` bigint NOT NULL AUTO_INCREMENT,
  `stat_date` date NOT NULL COMMENT '统计日期',
  `total_tasks` int NULL DEFAULT 0 COMMENT '总任务数',
  `completed_tasks` int NULL DEFAULT 0 COMMENT '完成任务数',
  `failed_tasks` int NULL DEFAULT 0 COMMENT '失败任务数',
  `client_tasks` int NULL DEFAULT 0 COMMENT '客户端任务数',
  `admin_tasks` int NULL DEFAULT 0 COMMENT '管理端任务数',
  `text_to_image_tasks` int NULL DEFAULT 0 COMMENT '文生图任务数',
  `image_to_video_tasks` int NULL DEFAULT 0 COMMENT '图生视频任务数',
  `total_processing_time` bigint NULL DEFAULT 0 COMMENT '总处理时间(秒)',
  `average_processing_time` decimal(10, 2) NULL DEFAULT 0.00 COMMENT '平均处理时间(秒)',
  `active_nodes` int NULL DEFAULT 0 COMMENT '活跃节点数',
  `total_file_size` bigint NULL DEFAULT 0 COMMENT '总文件大小(字节)',
  `created_at` timestamp NULL DEFAULT CURRENT_TIMESTAMP,
  `updated_at` timestamp NULL DEFAULT CURRENT_TIMESTAMP ON UPDATE CURRENT_TIMESTAMP,
  PRIMARY KEY (`id`) USING BTREE,
  UNIQUE INDEX `uk_stat_date`(`stat_date`) USING BTREE,
  INDEX `idx_stat_date`(`stat_date`) USING BTREE
) ENGINE = MyISAM AUTO_INCREMENT = 1 CHARACTER SET = utf8mb4 COLLATE = utf8mb4_unicode_ci COMMENT = '系统统计表' ROW_FORMAT = Fixed;

-- ----------------------------
-- Records of system_statistics
-- ----------------------------

-- ----------------------------
-- Table structure for task_queue_status
-- ----------------------------
DROP TABLE IF EXISTS `task_queue_status`;
CREATE TABLE `task_queue_status`  (
  `id` bigint NOT NULL AUTO_INCREMENT,
  `task_id` varchar(36) CHARACTER SET utf8mb4 COLLATE utf8mb4_unicode_ci NOT NULL COMMENT '任务ID',
  `queue_name` varchar(100) CHARACTER SET utf8mb4 COLLATE utf8mb4_unicode_ci NOT NULL COMMENT '队列名称',
  `status` enum('pending','started','retry','failure','success') CHARACTER SET utf8mb4 COLLATE utf8mb4_unicode_ci NOT NULL COMMENT '队列状态',
  `result` text CHARACTER SET utf8mb4 COLLATE utf8mb4_unicode_ci NULL COMMENT '执行结果',
  `traceback` text CHARACTER SET utf8mb4 COLLATE utf8mb4_unicode_ci NULL COMMENT '错误堆栈',
  `worker` varchar(100) CHARACTER SET utf8mb4 COLLATE utf8mb4_unicode_ci NULL DEFAULT NULL COMMENT '工作进程',
  `retries` int NULL DEFAULT 0 COMMENT '重试次数',
  `eta` timestamp NULL DEFAULT NULL COMMENT '预计执行时间',
  `created_at` timestamp NULL DEFAULT CURRENT_TIMESTAMP,
  `updated_at` timestamp NULL DEFAULT CURRENT_TIMESTAMP ON UPDATE CURRENT_TIMESTAMP,
  PRIMARY KEY (`id`) USING BTREE,
  UNIQUE INDEX `task_id`(`task_id`) USING BTREE,
  INDEX `idx_task_id`(`task_id`) USING BTREE,
  INDEX `idx_queue_name`(`queue_name`) USING BTREE,
  INDEX `idx_status`(`status`) USING BTREE,
  INDEX `idx_worker`(`worker`) USING BTREE
) ENGINE = MyISAM AUTO_INCREMENT = 1 CHARACTER SET = utf8mb4 COLLATE = utf8mb4_unicode_ci COMMENT = '任务队列状态表' ROW_FORMAT = Dynamic;

-- ----------------------------
-- Records of task_queue_status
-- ----------------------------

SET FOREIGN_KEY_CHECKS = 1;
